{"v":"5.7.4","fr":30,"ip":0,"op":121,"w":126,"h":116,"nm":"Taza de cafe","ddd":0,"assets":[],"layers":[{"ddd":0,"ind":1,"ty":4,"nm":"Agarradera contornos","sr":1,"ks":{"o":{"a":0,"k":100,"ix":11},"r":{"a":0,"k":0,"ix":10},"p":{"a":0,"k":[109.502,53.297,0],"ix":2,"l":2},"a":{"a":0,"k":[21.896,24.553,0],"ix":1,"l":2},"s":{"a":0,"k":[100,100,100],"ix":6,"l":2}},"ao":0,"shapes":[{"ty":"gr","it":[{"ind":0,"ty":"sh","ix":1,"ks":{"a":0,"k":{"i":[[0,0],[-2.238,-0.173],[-0.459,-3.228],[4.772,3.819],[-12.523,5.914],[-2.19,-1.743],[4.885,-5.901],[1.259,1.425],[-0.73,1.763],[-2.273,-1.861],[4.041,-5.246],[1.074,1.073],[-0.238,0.355]],"o":[[8.21,-13.287],[3.396,0.264],[1.874,13.183],[-3.918,-3.135],[1.515,-0.715],[3.168,2.522],[-5.054,6.107],[-1.768,-2],[4.119,-9.95],[2.045,1.675],[-2.999,3.895],[-1.054,-1.055],[0,0]],"v":[[-6.978,-6.266],[9.022,-17.266],[15.022,-9.266],[-12.978,15.734],[2.022,-12.266],[10.022,-13.266],[5.003,4.335],[-9.978,12.734],[-8.978,3.734],[8.168,-10.237],[1.575,3.148],[-6.997,8.753],[-3.304,1.038]],"c":false},"ix":2},"nm":"Trazado 1","mn":"ADBE Vector Shape - Group","hd":false},{"ty":"st","c":{"a":0,"k":[0,0,0,1],"ix":3},"o":{"a":0,"k":100,"ix":4},"w":{"a":0,"k":2,"ix":5},"lc":2,"lj":2,"bm":0,"nm":"Trazo 1","mn":"ADBE Vector Graphic - Stroke","hd":false},{"ty":"tr","p":{"a":0,"k":[21.896,24.553],"ix":2},"a":{"a":0,"k":[0,0],"ix":1},"s":{"a":0,"k":[100,100],"ix":3},"r":{"a":0,"k":0,"ix":6},"o":{"a":0,"k":100,"ix":7},"sk":{"a":0,"k":0,"ix":4},"sa":{"a":0,"k":0,"ix":5},"nm":"Transformar"}],"nm":"Grupo 1","np":2,"cix":2,"bm":0,"ix":1,"mn":"ADBE Vector Group","hd":false},{"ty":"tm","s":{"a":0,"k":0,"ix":1},"e":{"a":1,"k":[{"i":{"x":[0.667],"y":[1]},"o":{"x":[0.333],"y":[0]},"t":5,"s":[0]},{"t":64,"s":[100]}],"ix":2},"o":{"a":0,"k":0,"ix":3},"m":1,"ix":2,"nm":"Recortar trazados 1","mn":"ADBE Vector Filter - Trim","hd":false}],"ip":0,"op":900,"st":0,"bm":0},{"ddd":0,"ind":3,"ty":4,"nm":"Café contornos","sr":1,"ks":{"o":{"a":0,"k":100,"ix":11},"r":{"a":0,"k":0,"ix":10},"p":{"a":0,"k":[61.483,28.936,0],"ix":2,"l":2},"a":{"a":0,"k":[44.729,13.353,0],"ix":1,"l":2},"s":{"a":0,"k":[100,100,100],"ix":6,"l":2}},"ao":0,"shapes":[{"ty":"gr","it":[{"ind":0,"ty":"sh","ix":1,"ks":{"a":0,"k":{"i":[[0,0],[1.157,1.711],[-2.363,1.422],[-18.063,-0.037],[0.455,-4.267],[0.703,6.318],[-12.185,-0.089],[0.396,-1.545],[0.489,2.796],[-11.011,-2.302]],"o":[[-0.322,-0.04],[-1.06,-1.568],[2.363,-1.423],[22.046,0.046],[-0.697,6.548],[-0.374,-3.365],[15.901,0.115],[-1.096,4.287],[-0.334,-1.903],[0,0]],"v":[[-31.015,7.355],[-38.669,3.265],[-36.339,-2.489],[-4.468,-8.316],[39.274,1.805],[-30.786,1.887],[-4.981,-4.611],[26.173,0.915],[-20.123,1.516],[8.756,0.333]],"c":false},"ix":2},"nm":"Trazado 1","mn":"ADBE Vector Shape - Group","hd":false},{"ty":"st","c":{"a":0,"k":[0,0,0,1],"ix":3},"o":{"a":0,"k":100,"ix":4},"w":{"a":0,"k":1.5,"ix":5},"lc":2,"lj":2,"bm":0,"nm":"Trazo 1","mn":"ADBE Vector Graphic - Stroke","hd":false},{"ty":"tr","p":{"a":0,"k":[44.729,13.353],"ix":2},"a":{"a":0,"k":[0,0],"ix":1},"s":{"a":0,"k":[100,100],"ix":3},"r":{"a":0,"k":0,"ix":6},"o":{"a":0,"k":100,"ix":7},"sk":{"a":0,"k":0,"ix":4},"sa":{"a":0,"k":0,"ix":5},"nm":"Transformar"}],"nm":"Grupo 1","np":2,"cix":2,"bm":0,"ix":1,"mn":"ADBE Vector Group","hd":false},{"ty":"tm","s":{"a":0,"k":0,"ix":1},"e":{"a":1,"k":[{"i":{"x":[0.667],"y":[1]},"o":{"x":[0.333],"y":[0]},"t":5,"s":[0]},{"t":65,"s":[100]}],"ix":2},"o":{"a":0,"k":0,"ix":3},"m":1,"ix":2,"nm":"Recortar trazados 1","mn":"ADBE Vector Filter - Trim","hd":false}],"ip":0,"op":900,"st":0,"bm":0},{"ddd":0,"ind":5,"ty":4,"nm":"Orilla contornos","sr":1,"ks":{"o":{"a":0,"k":100,"ix":11},"r":{"a":0,"k":0,"ix":10},"p":{"a":0,"k":[61,28,0],"ix":2,"l":2},"a":{"a":0,"k":[54,16,0],"ix":1,"l":2},"s":{"a":0,"k":[100,100,100],"ix":6,"l":2}},"ao":0,"shapes":[{"ty":"gr","it":[{"ind":0,"ty":"sh","ix":1,"ks":{"a":0,"k":{"i":[[0,6.075],[27.062,0],[0,-6.075],[-27.063,0]],"o":[[0,-6.075],[-27.063,0],[0,6.075],[27.062,0]],"v":[[49,0],[0,-11],[-49,0],[0,11]],"c":true},"ix":2},"nm":"Trazado 1","mn":"ADBE Vector Shape - Group","hd":false},{"ty":"st","c":{"a":0,"k":[0,0,0,1],"ix":3},"o":{"a":0,"k":100,"ix":4},"w":{"a":0,"k":2,"ix":5},"lc":2,"lj":2,"bm":0,"nm":"Trazo 1","mn":"ADBE Vector Graphic - Stroke","hd":false},{"ty":"tr","p":{"a":0,"k":[54,16],"ix":2},"a":{"a":0,"k":[0,0],"ix":1},"s":{"a":0,"k":[100,100],"ix":3},"r":{"a":0,"k":0,"ix":6},"o":{"a":0,"k":100,"ix":7},"sk":{"a":0,"k":0,"ix":4},"sa":{"a":0,"k":0,"ix":5},"nm":"Transformar"}],"nm":"Grupo 1","np":2,"cix":2,"bm":0,"ix":1,"mn":"ADBE Vector Group","hd":false}],"ip":0,"op":900,"st":0,"bm":0},{"ddd":0,"ind":7,"ty":4,"nm":"Taza contornos","sr":1,"ks":{"o":{"a":0,"k":100,"ix":11},"r":{"a":0,"k":0,"ix":10},"p":{"a":0,"k":[61,62.295,0],"ix":2,"l":2},"a":{"a":0,"k":[53.831,38.38,0],"ix":1,"l":2},"s":{"a":0,"k":[100,100,100],"ix":6,"l":2}},"ao":0,"shapes":[{"ty":"gr","it":[{"ind":0,"ty":"sh","ix":1,"ks":{"a":0,"k":{"i":[[0,0],[0,0],[-10.367,0],[0,0],[0,0]],"o":[[0,0],[0,0],[10.367,0],[0,0],[0,0]],"v":[[-48.831,-33.38],[-19.999,29.705],[-0.014,33.38],[20.001,29.705],[48.831,-33.38]],"c":false},"ix":2},"nm":"Trazado 1","mn":"ADBE Vector Shape - Group","hd":false},{"ty":"st","c":{"a":0,"k":[0,0,0,1],"ix":3},"o":{"a":0,"k":100,"ix":4},"w":{"a":0,"k":2,"ix":5},"lc":2,"lj":2,"bm":0,"nm":"Trazo 1","mn":"ADBE Vector Graphic - Stroke","hd":false},{"ty":"tr","p":{"a":0,"k":[53.831,38.38],"ix":2},"a":{"a":0,"k":[0,0],"ix":1},"s":{"a":0,"k":[100,100],"ix":3},"r":{"a":0,"k":0,"ix":6},"o":{"a":0,"k":100,"ix":7},"sk":{"a":0,"k":0,"ix":4},"sa":{"a":0,"k":0,"ix":5},"nm":"Transformar"}],"nm":"Grupo 1","np":2,"cix":2,"bm":0,"ix":1,"mn":"ADBE Vector Group","hd":false}],"ip":0,"op":900,"st":0,"bm":0},{"ddd":0,"ind":9,"ty":4,"nm":"Linea 1 contornos","sr":1,"ks":{"o":{"a":0,"k":100,"ix":11},"r":{"a":0,"k":0,"ix":10},"p":{"a":0,"k":[58.999,91.64,0],"ix":2,"l":2},"a":{"a":0,"k":[61.547,23.998,0],"ix":1,"l":2},"s":{"a":0,"k":[100,100,100],"ix":6,"l":2}},"ao":0,"shapes":[{"ty":"gr","it":[{"ind":0,"ty":"sh","ix":1,"ks":{"a":0,"k":{"i":[[0,0],[3.999,-4.318],[-2.878,-3.645],[-1.785,-1.04],[-4.86,-1.347],[-8.168,-0.217],[-4.729,0.032],[-3.484,0.273],[-3.216,0.478],[-7.273,5.93],[0.046,2.219],[2.326,1.661],[12.554,1.474]],"o":[[-7.635,1.487],[-3.156,3.408],[1.281,1.622],[4.358,2.54],[7.874,2.183],[4.727,0.127],[3.494,-0.024],[3.24,-0.253],[9.282,-1.378],[1.537,-1.253],[-0.059,-2.859],[-4.617,-3.297],[0,0]],"v":[[-27.274,-18.999],[-52.889,-6.844],[-53.669,6.66],[-48.795,10.426],[-35.073,16.7],[-10.698,18.447],[3.476,18.967],[13.941,18.398],[23.641,17.413],[50.501,6.854],[56.501,-3.146],[52.87,-8.689],[29.416,-15.749]],"c":false},"ix":2},"nm":"Trazado 1","mn":"ADBE Vector Shape - Group","hd":false},{"ty":"st","c":{"a":0,"k":[0,0,0,1],"ix":3},"o":{"a":0,"k":100,"ix":4},"w":{"a":0,"k":2,"ix":5},"lc":2,"lj":2,"bm":0,"nm":"Trazo 1","mn":"ADBE Vector Graphic - Stroke","hd":false},{"ty":"tr","p":{"a":0,"k":[61.547,23.998],"ix":2},"a":{"a":0,"k":[0,0],"ix":1},"s":{"a":0,"k":[100,100],"ix":3},"r":{"a":0,"k":0,"ix":6},"o":{"a":0,"k":100,"ix":7},"sk":{"a":0,"k":0,"ix":4},"sa":{"a":0,"k":0,"ix":5},"nm":"Transformar"}],"nm":"Grupo 1","np":2,"cix":2,"bm":0,"ix":1,"mn":"ADBE Vector Group","hd":false},{"ty":"tm","s":{"a":1,"k":[{"i":{"x":[0.833],"y":[0.833]},"o":{"x":[0.167],"y":[0.167]},"t":31,"s":[100]},{"t":64,"s":[0]}],"ix":1},"e":{"a":0,"k":100,"ix":2},"o":{"a":0,"k":0,"ix":3},"m":1,"ix":2,"nm":"Recortar trazados 1","mn":"ADBE Vector Filter - Trim","hd":false}],"ip":0,"op":900,"st":0,"bm":0},{"ddd":0,"ind":11,"ty":4,"nm":"Linea 2 contornos","sr":1,"ks":{"o":{"a":0,"k":100,"ix":11},"r":{"a":0,"k":0,"ix":10},"p":{"a":0,"k":[60.668,90.003,0],"ix":2,"l":2},"a":{"a":0,"k":[58.077,22.362,0],"ix":1,"l":2},"s":{"a":0,"k":[100,100,100],"ix":6,"l":2}},"ao":0,"shapes":[{"ty":"gr","it":[{"ind":0,"ty":"sh","ix":1,"ks":{"a":0,"k":{"i":[[0,0],[4.407,-2.155],[-0.534,-2.32],[-2.531,-1.833],[-2.937,-1.066],[-14.441,0.111],[-12.203,7.722],[-1.698,2.716],[1.516,2.822],[3.223,0.94],[5.016,0.16]],"o":[[-3.799,1.698],[-3.739,1.829],[0.702,3.045],[2.531,1.832],[13.574,4.927],[14.44,-0.111],[2.708,-1.713],[1.698,-2.717],[-1.59,-2.957],[-4.817,-1.405],[0,0]],"v":[[-26.907,-13.842],[-47.437,-7.844],[-52.544,0.382],[-48.239,5.174],[-39.826,9.239],[2.516,17.251],[43.74,5.88],[50.792,-0.529],[51.562,-9.67],[43.34,-15.002],[29.243,-17.362]],"c":false},"ix":2},"nm":"Trazado 1","mn":"ADBE Vector Shape - Group","hd":false},{"ty":"st","c":{"a":0,"k":[0,0,0,1],"ix":3},"o":{"a":0,"k":100,"ix":4},"w":{"a":0,"k":2,"ix":5},"lc":2,"lj":2,"bm":0,"nm":"Trazo 1","mn":"ADBE Vector Graphic - Stroke","hd":false},{"ty":"tr","p":{"a":0,"k":[58.077,22.362],"ix":2},"a":{"a":0,"k":[0,0],"ix":1},"s":{"a":0,"k":[100,100],"ix":3},"r":{"a":0,"k":0,"ix":6},"o":{"a":0,"k":100,"ix":7},"sk":{"a":0,"k":0,"ix":4},"sa":{"a":0,"k":0,"ix":5},"nm":"Transformar"}],"nm":"Grupo 1","np":2,"cix":2,"bm":0,"ix":1,"mn":"ADBE Vector Group","hd":false}],"ip":0,"op":900,"st":0,"bm":0},{"ddd":0,"ind":13,"ty":4,"nm":"Línea 3 contornos","sr":1,"ks":{"o":{"a":0,"k":100,"ix":11},"r":{"a":0,"k":0,"ix":10},"p":{"a":0,"k":[59.747,91.729,0],"ix":2,"l":2},"a":{"a":0,"k":[40.802,14.75,0],"ix":1,"l":2},"s":{"a":0,"k":[100,100,100],"ix":6,"l":2}},"ao":0,"shapes":[{"ty":"gr","it":[{"ind":0,"ty":"sh","ix":1,"ks":{"a":0,"k":{"i":[[0,0],[-2.346,-2.536],[-3.29,-1.055],[-15.877,6.588],[-2.081,2.423],[0.346,1.48],[1.916,0.665]],"o":[[-3.956,1.846],[2.345,2.537],[16.368,5.251],[2.951,-1.225],[0.991,-1.154],[-0.462,-1.974],[0,0]],"v":[[-26.34,-8.647],[-33.456,-1.107],[-24.461,3.8],[26.043,3.162],[34.005,-2.011],[35.456,-6.156],[30.888,-9.75]],"c":false},"ix":2},"nm":"Trazado 1","mn":"ADBE Vector Shape - Group","hd":false},{"ty":"st","c":{"a":0,"k":[0,0,0,1],"ix":3},"o":{"a":0,"k":100,"ix":4},"w":{"a":0,"k":2,"ix":5},"lc":2,"lj":2,"bm":0,"nm":"Trazo 1","mn":"ADBE Vector Graphic - Stroke","hd":false},{"ty":"tr","p":{"a":0,"k":[40.802,14.75],"ix":2},"a":{"a":0,"k":[0,0],"ix":1},"s":{"a":0,"k":[100,100],"ix":3},"r":{"a":0,"k":0,"ix":6},"o":{"a":0,"k":100,"ix":7},"sk":{"a":0,"k":0,"ix":4},"sa":{"a":0,"k":0,"ix":5},"nm":"Transformar"}],"nm":"Grupo 1","np":2,"cix":2,"bm":0,"ix":1,"mn":"ADBE Vector Group","hd":false},{"ty":"tm","s":{"a":1,"k":[{"i":{"x":[0.667],"y":[1]},"o":{"x":[0.333],"y":[0]},"t":26,"s":[100]},{"t":64,"s":[0]}],"ix":1},"e":{"a":0,"k":100,"ix":2},"o":{"a":0,"k":0,"ix":3},"m":1,"ix":2,"nm":"Recortar trazados 1","mn":"ADBE Vector Filter - Trim","hd":false}],"ip":0,"op":900,"st":0,"bm":0},{"ddd":0,"ind":15,"ty":4,"nm":"Plato contornos","sr":1,"ks":{"o":{"a":0,"k":100,"ix":11},"r":{"a":0,"k":0,"ix":10},"p":{"a":0,"k":[60.986,92.081,0],"ix":2,"l":2},"a":{"a":0,"k":[65.485,27.302,0],"ix":1,"l":2},"s":{"a":0,"k":[100,100,100],"ix":6,"l":2}},"ao":0,"shapes":[{"ty":"gr","it":[{"ind":0,"ty":"sh","ix":1,"ks":{"a":0,"k":{"i":[[0,0],[0,-17],[-37,0],[0,15],[0,0]],"o":[[0,0],[0,17],[37,0],[0,-15],[0,0]],"v":[[-30.338,-22.303],[-60.485,0.303],[-0.485,22.303],[60.485,-1.697],[29.833,-21.411]],"c":false},"ix":2},"nm":"Trazado 1","mn":"ADBE Vector Shape - Group","hd":false},{"ty":"st","c":{"a":0,"k":[0,0,0,1],"ix":3},"o":{"a":0,"k":100,"ix":4},"w":{"a":0,"k":2,"ix":5},"lc":2,"lj":2,"bm":0,"nm":"Trazo 1","mn":"ADBE Vector Graphic - Stroke","hd":false},{"ty":"tr","p":{"a":0,"k":[65.485,27.302],"ix":2},"a":{"a":0,"k":[0,0],"ix":1},"s":{"a":0,"k":[100,100],"ix":3},"r":{"a":0,"k":0,"ix":6},"o":{"a":0,"k":100,"ix":7},"sk":{"a":0,"k":0,"ix":4},"sa":{"a":0,"k":0,"ix":5},"nm":"Transformar"}],"nm":"Grupo 1","np":2,"cix":2,"bm":0,"ix":1,"mn":"ADBE Vector Group","hd":false}],"ip":0,"op":900,"st":0,"bm":0}],"markers":[]}