{"v":"5.7.4","fr":30,"ip":0,"op":61,"w":126,"h":116,"nm":"Telefono","ddd":0,"assets":[],"layers":[{"ddd":0,"ind":1,"ty":4,"nm":"Caos contornos","sr":1,"ks":{"o":{"a":0,"k":100,"ix":11},"r":{"a":0,"k":0,"ix":10},"p":{"a":0,"k":[41.501,37.287,0],"ix":2,"l":2},"a":{"a":0,"k":[24.206,20.396,0],"ix":1,"l":2},"s":{"a":0,"k":[100,100,100],"ix":6,"l":2}},"ao":0,"shapes":[{"ty":"gr","it":[{"ind":0,"ty":"sh","ix":1,"ks":{"a":0,"k":{"i":[[0,0],[3.597,-3.597],[0.75,-1.715],[-0.105,-2.481],[-1.438,-2.093],[-0.994,-0.652],[-1.389,-0.333],[-4.66,0.177],[-2.133,0.842],[-1.139,0.851],[-0.648,0.964],[-0.242,1.198],[1.384,3.048],[1.907,1.324],[3.36,0.275],[2.674,-1.567],[1.061,-1.232],[-1.318,-4.115],[-0.926,-0.768],[-2.745,-0.06],[-2.205,0.615],[-2.036,1.693],[-0.333,0.541],[0.071,0.862],[2.549,1.953],[1.413,0.337],[2.234,-1.109],[1.262,-1.782],[-1.563,-1.829],[-1.94,-0.264],[-2.081,1.046],[0.718,1.811],[0.559,0.38],[1.312,0.015],[1.097,-0.818],[-1.128,-0.793],[-1.076,0.036],[-0.071,0.676],[0.695,0.258]],"o":[[-5.492,1.083],[-1.441,1.44],[-1.03,2.356],[0.098,2.359],[0.608,0.884],[1.102,0.722],[4.449,1.066],[2.401,-0.092],[1.417,-0.56],[1.016,-0.759],[0.727,-1.08],[0.639,-3.187],[-0.841,-1.853],[-2.492,-1.729],[-3.36,-0.275],[-1.535,0.9],[-3.052,3.547],[0.324,1.011],[1.852,1.536],[2.349,0.051],[2.838,-0.79],[0.53,-0.441],[0.481,-0.784],[-0.224,-2.742],[-1.042,-0.797],[-2.548,-0.606],[-2.233,1.11],[-1.359,1.92],[1.07,1.253],[2.457,0.334],[2.08,-1.046],[-0.216,-0.545],[-0.978,-0.663],[-1.539,-0.017],[-1.098,0.817],[0.79,0.556],[0.895,-0.03],[0.06,-0.584],[0,0]],"v":[[1.808,-15.396],[-14.3,-8.675],[-17.389,-3.814],[-19.101,3.48],[-16.653,10.252],[-14.334,12.649],[-10.461,14.132],[3.387,15.219],[10.383,14.082],[14.148,11.854],[16.801,9.325],[18.032,5.827],[17.822,-3.744],[13.546,-8.576],[4.508,-11.763],[-5.042,-9.805],[-8.869,-6.507],[-12.341,5.56],[-10.57,8.341],[-2.957,10.227],[4,9.609],[11.136,5.479],[12.528,4.041],[12.969,1.497],[8.948,-5.971],[5.235,-7.759],[-2.405,-6.761],[-7.566,-2.202],[-8.257,3.997],[-3.261,6.145],[3.952,5.258],[6.612,0.362],[5.446,-1.074],[1.773,-1.955],[-2.506,-0.91],[-2.745,2.212],[0.306,2.793],[2.402,1.839],[0.963,0.602]],"c":false},"ix":2},"nm":"Trazado 1","mn":"ADBE Vector Shape - Group","hd":false},{"ty":"st","c":{"a":0,"k":[0,0,0,1],"ix":3},"o":{"a":0,"k":100,"ix":4},"w":{"a":0,"k":2,"ix":5},"lc":2,"lj":2,"bm":0,"nm":"Trazo 1","mn":"ADBE Vector Graphic - Stroke","hd":false},{"ty":"tr","p":{"a":0,"k":[24.206,20.396],"ix":2},"a":{"a":0,"k":[0,0],"ix":1},"s":{"a":0,"k":[100,100],"ix":3},"r":{"a":0,"k":0,"ix":6},"o":{"a":0,"k":100,"ix":7},"sk":{"a":0,"k":0,"ix":4},"sa":{"a":0,"k":0,"ix":5},"nm":"Transformar"}],"nm":"Grupo 1","np":2,"cix":2,"bm":0,"ix":1,"mn":"ADBE Vector Group","hd":false},{"ty":"tm","s":{"a":1,"k":[{"i":{"x":[0.667],"y":[1]},"o":{"x":[0.79],"y":[0]},"t":4,"s":[100]},{"t":54,"s":[0]}],"ix":1},"e":{"a":0,"k":100,"ix":2},"o":{"a":0,"k":0,"ix":3},"m":1,"ix":2,"nm":"Recortar trazados 1","mn":"ADBE Vector Filter - Trim","hd":false}],"ip":0,"op":90,"st":0,"bm":0},{"ddd":0,"ind":3,"ty":4,"nm":"Burbuja contornos","sr":1,"ks":{"o":{"a":0,"k":100,"ix":11},"r":{"a":0,"k":0,"ix":10},"p":{"a":1,"k":[{"i":{"x":0.667,"y":1},"o":{"x":0.333,"y":0},"t":3,"s":[41.926,32.321,0],"to":[0,-0.333,0],"ti":[0,0,0]},{"i":{"x":0.667,"y":0.909},"o":{"x":0.333,"y":0},"t":27,"s":[41.926,30.321,0],"to":[0,0,0],"ti":[0,-0.582,0]},{"i":{"x":0.667,"y":1},"o":{"x":0.333,"y":0.091},"t":43,"s":[41.926,36.596,0],"to":[0,0.32,0],"ti":[0,-0.118,0]},{"t":54,"s":[41.926,32.321,0]}],"ix":2,"l":2},"a":{"a":0,"k":[37.302,31.391,0],"ix":1,"l":2},"s":{"a":0,"k":[100,100,100],"ix":6,"l":2}},"ao":0,"shapes":[{"ty":"gr","it":[{"ind":0,"ty":"sh","ix":1,"ks":{"a":0,"k":{"i":[[3.522,-0.977],[7.744,2.317],[2.14,1.46],[1.401,3.723],[-0.519,4.945],[-3.577,3.453],[-5.261,1.005],[-4.004,-0.082],[-5.807,-4.243],[-1.149,-6.367],[3.559,-5.403],[0.115,-0.519],[-0.134,-0.565],[-0.733,-1.885],[0,0]],"o":[[-7.789,2.159],[-2.483,-0.743],[-3.285,-2.242],[-1.751,-4.653],[0.518,-4.945],[3.855,-3.721],[3.935,-0.751],[7.19,0.147],[5.223,3.817],[1.15,6.367],[-0.292,0.445],[-0.126,0.567],[0.465,1.968],[-2.617,-1.191],[0,0]],"v":[[8.043,24.232],[-15.739,21.746],[-22.888,18.78],[-29.613,9.155],[-31.783,-5.467],[-25.637,-18.726],[-11.223,-25.302],[0.73,-26.309],[21.103,-20.312],[31.152,-4.253],[27.353,14.306],[26.632,15.719],[26.763,17.44],[28.562,23.229],[18.853,20.094]],"c":true},"ix":2},"nm":"Trazado 1","mn":"ADBE Vector Shape - Group","hd":false},{"ty":"st","c":{"a":0,"k":[0,0,0,1],"ix":3},"o":{"a":0,"k":100,"ix":4},"w":{"a":0,"k":2,"ix":5},"lc":2,"lj":2,"bm":0,"nm":"Trazo 1","mn":"ADBE Vector Graphic - Stroke","hd":false},{"ty":"tr","p":{"a":0,"k":[37.302,31.391],"ix":2},"a":{"a":0,"k":[0,0],"ix":1},"s":{"a":0,"k":[100,100],"ix":3},"r":{"a":0,"k":0,"ix":6},"o":{"a":0,"k":100,"ix":7},"sk":{"a":0,"k":0,"ix":4},"sa":{"a":0,"k":0,"ix":5},"nm":"Transformar"}],"nm":"Grupo 1","np":2,"cix":2,"bm":0,"ix":1,"mn":"ADBE Vector Group","hd":false}],"ip":0,"op":90,"st":0,"bm":0},{"ddd":0,"ind":5,"ty":4,"nm":"Teléfono contornos","sr":1,"ks":{"o":{"a":0,"k":100,"ix":11},"r":{"a":0,"k":0,"ix":10},"p":{"s":true,"x":{"a":0,"k":79.01,"ix":3},"y":{"a":1,"k":[{"i":{"x":[0.667],"y":[1]},"o":{"x":[0.333],"y":[0]},"t":1,"s":[64.628]},{"i":{"x":[0.088],"y":[2.425]},"o":{"x":[0.333],"y":[0]},"t":13,"s":[58.628]},{"i":{"x":[0.833],"y":[1]},"o":{"x":[0],"y":[0]},"t":26,"s":[64.628]},{"t":43,"s":[69.628]}],"ix":4}},"a":{"a":0,"k":[41.531,49.895,0],"ix":1,"l":2},"s":{"a":0,"k":[100,100,100],"ix":6,"l":2}},"ao":0,"shapes":[{"ty":"gr","it":[{"ind":0,"ty":"sh","ix":1,"ks":{"a":0,"k":{"i":[[2.088,0.05],[8.382,-0.567],[-0.371,0.573],[-4.017,6.382],[-0.5,0.266],[-0.561,-0.014],[-4.86,-0.122],[-5.266,7.476],[-1.334,2.757],[1.327,2.587],[-1.584,2.437],[-4.736,5.224],[-0.419,-1.668],[-0.292,-0.973],[0,0],[1.57,-2.174],[11.267,-19.885]],"o":[[-8.342,-0.201],[-0.682,0.046],[4.015,-6.195],[0.302,-0.48],[0.496,-0.264],[4.861,0.121],[1.243,-1.907],[4.517,-6.415],[-0.518,-2.868],[-1.326,-2.587],[3.839,-5.909],[1.155,-1.274],[0.253,1.005],[0,0],[0.771,2.569],[-13.404,18.548],[-1.03,1.818]],"v":[[-10.779,44.845],[-35.398,44.334],[-36.16,43.063],[-24.233,24.019],[-23.107,22.772],[-21.459,22.53],[-5.925,23.264],[4.784,5.168],[16.281,-9.195],[12.893,-19.755],[13.414,-28.929],[25.428,-43.621],[29.119,-42.716],[29.935,-39.74],[35.76,-20.321],[34.474,-12.804],[-5.69,41.995]],"c":true},"ix":2},"nm":"Trazado 1","mn":"ADBE Vector Shape - Group","hd":false},{"ty":"st","c":{"a":0,"k":[0,0,0,1],"ix":3},"o":{"a":0,"k":100,"ix":4},"w":{"a":0,"k":2,"ix":5},"lc":2,"lj":2,"bm":0,"nm":"Trazo 1","mn":"ADBE Vector Graphic - Stroke","hd":false},{"ty":"tr","p":{"a":0,"k":[41.531,49.895],"ix":2},"a":{"a":0,"k":[0,0],"ix":1},"s":{"a":0,"k":[100,100],"ix":3},"r":{"a":0,"k":0,"ix":6},"o":{"a":0,"k":100,"ix":7},"sk":{"a":0,"k":0,"ix":4},"sa":{"a":0,"k":0,"ix":5},"nm":"Transformar"}],"nm":"Grupo 1","np":2,"cix":2,"bm":0,"ix":1,"mn":"ADBE Vector Group","hd":false}],"ip":0,"op":90,"st":0,"bm":0}],"markers":[]}