{"v":"5.7.4","fr":30,"ip":0,"op":170,"w":1609,"h":2073,"nm":"vector Jael","ddd":0,"assets":[],"layers":[{"ddd":0,"ind":3,"ty":4,"nm":"Layer 3 contornos","sr":1,"ks":{"o":{"a":0,"k":100,"ix":11},"r":{"a":0,"k":0,"ix":10},"p":{"a":0,"k":[748.43,2018.989,0],"ix":2,"l":2},"a":{"a":0,"k":[24.686,31.248,0],"ix":1,"l":2},"s":{"a":0,"k":[100,100,100],"ix":6,"l":2}},"ao":0,"shapes":[{"ty":"gr","it":[{"ind":0,"ty":"sh","ix":1,"ks":{"a":0,"k":{"i":[[0,0],[0,0],[0,0],[0,0],[0,0],[0,0]],"o":[[0,0],[0,0],[0,0],[0,0],[0,0],[0,0]],"v":[[-1.965,-18.748],[-0.392,-10.521],[-12.185,-5.383],[-0.392,-3.417],[-12.185,18.748],[12.185,-3.024]],"c":false},"ix":2},"nm":"Trazado 1","mn":"ADBE Vector Shape - Group","hd":false},{"ty":"st","c":{"a":0,"k":[0.006011137308,0.007010998913,0.012494377061,1],"ix":3},"o":{"a":0,"k":100,"ix":4},"w":{"a":0,"k":5,"ix":5},"lc":1,"lj":1,"ml":10,"bm":0,"nm":"Trazo 1","mn":"ADBE Vector Graphic - Stroke","hd":false},{"ty":"tr","p":{"a":0,"k":[24.685,31.248],"ix":2},"a":{"a":0,"k":[0,0],"ix":1},"s":{"a":0,"k":[100,100],"ix":3},"r":{"a":0,"k":0,"ix":6},"o":{"a":0,"k":100,"ix":7},"sk":{"a":0,"k":0,"ix":4},"sa":{"a":0,"k":0,"ix":5},"nm":"Transformar"}],"nm":"Grupo 1","np":2,"cix":2,"bm":0,"ix":1,"mn":"ADBE Vector Group","hd":false},{"ty":"tm","s":{"a":0,"k":0,"ix":1},"e":{"a":1,"k":[{"i":{"x":[0.554],"y":[1]},"o":{"x":[0.751],"y":[0]},"t":12,"s":[0]},{"t":49,"s":[100]}],"ix":2},"o":{"a":0,"k":0,"ix":3},"m":1,"ix":2,"nm":"Recortar trazados 1","mn":"ADBE Vector Filter - Trim","hd":false}],"ip":2,"op":902,"st":2,"bm":0},{"ddd":0,"ind":5,"ty":4,"nm":"Layer 4 contornos","sr":1,"ks":{"o":{"a":0,"k":100,"ix":11},"r":{"a":0,"k":0,"ix":10},"p":{"a":0,"k":[1006.43,1928.989,0],"ix":2,"l":2},"a":{"a":0,"k":[24.686,31.248,0],"ix":1,"l":2},"s":{"a":0,"k":[100,100,100],"ix":6,"l":2}},"ao":0,"shapes":[{"ty":"gr","it":[{"ind":0,"ty":"sh","ix":1,"ks":{"a":0,"k":{"i":[[6.682,0.027],[0,0],[0,0],[-1.843,-0.352],[0,0],[0,0]],"o":[[-18.037,-0.073],[0,0],[0.589,5.099],[4.7,0.901],[0,0],[-0.393,16.215]],"v":[[17.493,-0.914],[-1.376,-14.454],[17.493,-17.984],[22.8,-12.678],[29.482,-16.805],[36.754,-16.215]],"c":true},"ix":2},"nm":"Trazado 1","mn":"ADBE Vector Shape - Group","hd":false},{"ind":1,"ty":"sh","ix":2,"ks":{"a":0,"k":{"i":[[0,0],[0,0],[0,0]],"o":[[4.128,-14.938],[7.862,19.851],[-25.552,18.671]],"v":[[-33.02,8.353],[-8.255,-13.66],[16.707,6.191]],"c":true},"ix":2},"nm":"Trazado 2","mn":"ADBE Vector Shape - Group","hd":false},{"ind":2,"ty":"sh","ix":3,"ks":{"a":0,"k":{"i":[[28.893,-10.81],[14.741,-22.012],[3.538,-6.29],[-6.093,6.682],[-20.441,17.1],[-16.268,22.205]],"o":[[0,0],[0,0],[0,0],[0,0],[0,0],[0,0]],"v":[[-6.879,-18.377],[-42.061,9.532],[-51.691,21.325],[-34.789,15.429],[19.458,12.087],[51.691,-18.377]],"c":true},"ix":2},"nm":"Trazado 3","mn":"ADBE Vector Shape - Group","hd":false},{"ty":"mm","mm":1,"nm":"Combinar trazados 1","mn":"ADBE Vector Filter - Merge","hd":false},{"ty":"fl","c":{"a":0,"k":[0.006011137308,0.007010998913,0.012494377061,1],"ix":4},"o":{"a":0,"k":100,"ix":5},"r":1,"bm":0,"nm":"Relleno 1","mn":"ADBE Vector Graphic - Fill","hd":false},{"ty":"tr","p":{"a":0,"k":[51.941,29.437],"ix":2},"a":{"a":0,"k":[0,0],"ix":1},"s":{"a":0,"k":[100,100],"ix":3},"r":{"a":0,"k":0,"ix":6},"o":{"a":0,"k":100,"ix":7},"sk":{"a":0,"k":0,"ix":4},"sa":{"a":0,"k":0,"ix":5},"nm":"Transformar"}],"nm":"Grupo 1","np":5,"cix":2,"bm":0,"ix":1,"mn":"ADBE Vector Group","hd":false},{"ty":"tm","s":{"a":0,"k":0,"ix":1},"e":{"a":1,"k":[{"i":{"x":[0.554],"y":[1]},"o":{"x":[0.751],"y":[0]},"t":12,"s":[0]},{"t":49,"s":[100]}],"ix":2},"o":{"a":0,"k":0,"ix":3},"m":1,"ix":2,"nm":"Recortar trazados 1","mn":"ADBE Vector Filter - Trim","hd":false}],"ip":2,"op":902,"st":2,"bm":0},{"ddd":0,"ind":7,"ty":4,"nm":"Layer 5 contornos","sr":1,"ks":{"o":{"a":0,"k":100,"ix":11},"r":{"a":0,"k":0,"ix":10},"p":{"a":0,"k":[807.885,1982.553,0],"ix":2,"l":2},"a":{"a":0,"k":[51.843,47.814,0],"ix":1,"l":2},"s":{"a":0,"k":[100,100,100],"ix":6,"l":2}},"ao":0,"shapes":[{"ty":"gr","it":[{"ind":0,"ty":"sh","ix":1,"ks":{"a":0,"k":{"i":[[0,0],[0,0],[0,0],[0,0],[0,0]],"o":[[-15.331,-0.719],[9.379,-2.966],[3.735,10.614],[0,0],[-6.093,12.383]],"v":[[7.567,5.767],[-10.122,-8.844],[9.925,-11.4],[22.308,-9.042],[27.811,-6.29]],"c":true},"ix":2},"nm":"Trazado 1","mn":"ADBE Vector Shape - Group","hd":false},{"ind":1,"ty":"sh","ix":2,"ks":{"a":0,"k":{"i":[[0,0],[0,0],[0,0]],"o":[[8.059,-11.4],[5.7,24.021],[-22.407,17.689]],"v":[[-41.373,12.579],[-16.412,-7.624],[13.071,10.81]],"c":true},"ix":2},"nm":"Trazado 2","mn":"ADBE Vector Shape - Group","hd":false},{"ind":2,"ty":"sh","ix":3,"ks":{"a":0,"k":{"i":[[47.564,-61.715],[-32.037,45.795],[-3.144,8.059]],"o":[[0,0],[0,0],[0,0]],"v":[[-51.593,14.151],[32.135,1.769],[51.593,-1.573]],"c":true},"ix":2},"nm":"Trazado 3","mn":"ADBE Vector Shape - Group","hd":false},{"ty":"mm","mm":1,"nm":"Combinar trazados 1","mn":"ADBE Vector Filter - Merge","hd":false},{"ty":"fl","c":{"a":0,"k":[0.006011137308,0.007010998913,0.012494377061,1],"ix":4},"o":{"a":0,"k":100,"ix":5},"r":1,"bm":0,"nm":"Relleno 1","mn":"ADBE Vector Graphic - Fill","hd":false},{"ty":"tr","p":{"a":0,"k":[51.843,47.814],"ix":2},"a":{"a":0,"k":[0,0],"ix":1},"s":{"a":0,"k":[100,100],"ix":3},"r":{"a":0,"k":0,"ix":6},"o":{"a":0,"k":100,"ix":7},"sk":{"a":0,"k":0,"ix":4},"sa":{"a":0,"k":0,"ix":5},"nm":"Transformar"}],"nm":"Grupo 1","np":5,"cix":2,"bm":0,"ix":1,"mn":"ADBE Vector Group","hd":false},{"ty":"tm","s":{"a":0,"k":0,"ix":1},"e":{"a":1,"k":[{"i":{"x":[0.554],"y":[1]},"o":{"x":[0.751],"y":[0]},"t":12,"s":[0]},{"t":49,"s":[100]}],"ix":2},"o":{"a":0,"k":0,"ix":3},"m":1,"ix":2,"nm":"Recortar trazados 1","mn":"ADBE Vector Filter - Trim","hd":false}],"ip":2,"op":902,"st":2,"bm":0},{"ddd":0,"ind":9,"ty":4,"nm":"Layer 6 contornos","sr":1,"ks":{"o":{"a":0,"k":100,"ix":11},"r":{"a":0,"k":0,"ix":10},"p":{"a":0,"k":[863.802,755.615,0],"ix":2,"l":2},"a":{"a":0,"k":[573.245,850.081,0],"ix":1,"l":2},"s":{"a":0,"k":[100,100,100],"ix":6,"l":2}},"ao":0,"shapes":[{"ty":"gr","it":[{"ind":0,"ty":"sh","ix":1,"ks":{"a":0,"k":{"i":[[0,0],[168.047,235.266],[203.425,136.206],[-86.677,367.934],[-352.014,111.442],[-111.441,-346.707],[205.195,-321.943],[373.24,139.744],[16.493,15.435],[51.298,171.584],[-89.402,126.269],[-221.086,41.157],[0,0],[-9.92,-1.422],[-76.033,-169.955],[148.589,-244.11],[293.64,168.047],[-43.894,320.717],[-247.62,33.726],[-2.506,-0.248],[75.556,-326.638],[270.644,114.98],[-178.66,249.416],[-164.33,-44.705],[-2.899,-0.846],[-5.452,-4.409],[-0.891,-1.222],[-8.501,-6.458],[21.942,-101.481],[130.9,26.534],[53.067,100.828],[-6.544,68.21],[-43.884,11.079],[-66.311,-45.833],[67.219,-107.904],[60.143,8.844],[-10.614,63.681],[-49.529,-15.92],[21.226,-30.071],[26.338,24.765],[-19.654,3.538]],"o":[[0,0],[0,0],[0,0],[0,0],[0,0],[0,0],[0,0],[0,0],[-36.754,-34.395],[0,0],[0,0],[0,0],[9.793,-2.126],[100.909,14.47],[0,0],[0,0],[0,0],[0,0],[2.495,-0.34],[38.415,3.808],[0,0],[0,0],[0,0],[2.914,0.793],[13.632,3.977],[1.176,0.951],[6.281,8.617],[35.688,27.108],[0,0],[0,0],[0,0],[4.322,-45.053],[39.887,-10.07],[0,0],[0,0],[0,0],[0,0],[0,0],[0,0],[0,0],[0,0]],"v":[[28.105,837.581],[-7.076,448.419],[-258.261,213.154],[-474.068,-345.822],[-91.984,-742.059],[465.224,-490.873],[355.551,62.797],[-153.896,130.016],[-237.034,94.636],[-357.32,-103.482],[-316.635,-520.945],[-1.125,-704.913],[33.982,-712.534],[69.812,-713.73],[346.708,-529.789],[313.097,-27.419],[-79.602,50.414],[-281.258,-356.436],[12.724,-633.681],[20.263,-633.812],[288.333,-262.684],[-10.614,-11.498],[-164.51,-441.343],[72.56,-552.51],[81.44,-550.733],[117.203,-529.484],[120.289,-526.201],[142.818,-503.669],[233.496,-303.368],[54.836,-112.326],[-88.445,-230.843],[-121.016,-366.786],[-39.927,-460.249],[125.593,-425.424],[146.82,-264.452],[65.45,-229.075],[-44.222,-335.21],[40.685,-411.272],[81.37,-336.978],[28.105,-315.752],[28.105,-365.28]],"c":false},"ix":2},"nm":"Trazado 1","mn":"ADBE Vector Shape - Group","hd":false},{"ty":"st","c":{"a":0,"k":[0.006011137308,0.007010998913,0.012494377061,1],"ix":3},"o":{"a":0,"k":100,"ix":4},"w":{"a":0,"k":5,"ix":5},"lc":1,"lj":1,"ml":10,"bm":0,"nm":"Trazo 1","mn":"ADBE Vector Graphic - Stroke","hd":false},{"ty":"tr","p":{"a":0,"k":[573.245,850.081],"ix":2},"a":{"a":0,"k":[0,0],"ix":1},"s":{"a":0,"k":[100,100],"ix":3},"r":{"a":0,"k":0,"ix":6},"o":{"a":0,"k":100,"ix":7},"sk":{"a":0,"k":0,"ix":4},"sa":{"a":0,"k":0,"ix":5},"nm":"Transformar"}],"nm":"Grupo 1","np":2,"cix":2,"bm":0,"ix":1,"mn":"ADBE Vector Group","hd":false},{"ty":"tm","s":{"a":0,"k":0,"ix":1},"e":{"a":1,"k":[{"i":{"x":[0.337],"y":[0.77]},"o":{"x":[0.523],"y":[0]},"t":12,"s":[0]},{"t":73,"s":[100]}],"ix":2},"o":{"a":0,"k":0,"ix":3},"m":1,"ix":2,"nm":"Recortar trazados 1","mn":"ADBE Vector Filter - Trim","hd":false},{"ty":"tm","s":{"a":0,"k":0,"ix":1},"e":{"a":0,"k":100,"ix":2},"o":{"a":0,"k":0,"ix":3},"m":1,"ix":3,"nm":"Recortar trazados 2","mn":"ADBE Vector Filter - Trim","hd":false}],"ip":2,"op":902,"st":2,"bm":0},{"ddd":0,"ind":11,"ty":4,"nm":"Layer 7 contornos","sr":1,"ks":{"o":{"a":0,"k":100,"ix":11},"r":{"a":0,"k":0,"ix":10},"p":{"a":0,"k":[1088.258,1917.3,0],"ix":2,"l":2},"a":{"a":0,"k":[8.112,6.736,0],"ix":1,"l":2},"s":{"a":0,"k":[100,100,100],"ix":6,"l":2}},"ao":0,"shapes":[{"ty":"gr","it":[{"ind":0,"ty":"sh","ix":1,"ks":{"a":0,"k":{"i":[[0,0],[5.307,0],[0,0],[0,0],[0,0],[0,0],[0,0]],"o":[[0,0],[0,0],[0,0],[0,0],[0,0],[0,0],[0,0]],"v":[[3.341,-6.486],[-7.862,0.983],[-5.111,6.486],[-2.261,4.324],[5.896,6.486],[5.896,1.375],[7.862,-0.001]],"c":true},"ix":2},"nm":"Trazado 1","mn":"ADBE Vector Shape - Group","hd":false},{"ty":"fl","c":{"a":0,"k":[0.006011137308,0.007010998913,0.012494377061,1],"ix":4},"o":{"a":0,"k":100,"ix":5},"r":1,"bm":0,"nm":"Relleno 1","mn":"ADBE Vector Graphic - Fill","hd":false},{"ty":"tr","p":{"a":0,"k":[8.112,6.736],"ix":2},"a":{"a":0,"k":[0,0],"ix":1},"s":{"a":0,"k":[100,100],"ix":3},"r":{"a":0,"k":0,"ix":6},"o":{"a":0,"k":100,"ix":7},"sk":{"a":0,"k":0,"ix":4},"sa":{"a":0,"k":0,"ix":5},"nm":"Transformar"}],"nm":"Grupo 1","np":2,"cix":2,"bm":0,"ix":1,"mn":"ADBE Vector Group","hd":false},{"ty":"tm","s":{"a":0,"k":0,"ix":1},"e":{"a":1,"k":[{"i":{"x":[0.554],"y":[1]},"o":{"x":[0.751],"y":[0]},"t":12,"s":[0]},{"t":49,"s":[100]}],"ix":2},"o":{"a":0,"k":0,"ix":3},"m":1,"ix":2,"nm":"Recortar trazados 1","mn":"ADBE Vector Filter - Trim","hd":false}],"ip":2,"op":902,"st":2,"bm":0},{"ddd":0,"ind":13,"ty":4,"nm":"Layer 8 contornos","sr":1,"ks":{"o":{"a":0,"k":100,"ix":11},"r":{"a":0,"k":0,"ix":10},"p":{"a":0,"k":[1090.518,1894.598,0],"ix":2,"l":2},"a":{"a":0,"k":[26.16,24.784,0],"ix":1,"l":2},"s":{"a":0,"k":[100,100,100],"ix":6,"l":2}},"ao":0,"shapes":[{"ty":"gr","it":[{"ind":0,"ty":"sh","ix":1,"ks":{"a":0,"k":{"i":[[0,0],[-9.631,17.297]],"o":[[0,0],[0,0]],"v":[[-13.659,12.284],[13.659,-12.284]],"c":false},"ix":2},"nm":"Trazado 1","mn":"ADBE Vector Shape - Group","hd":false},{"ty":"st","c":{"a":0,"k":[0.006011137308,0.007010998913,0.012494377061,1],"ix":3},"o":{"a":0,"k":100,"ix":4},"w":{"a":0,"k":5,"ix":5},"lc":1,"lj":1,"ml":10,"bm":0,"nm":"Trazo 1","mn":"ADBE Vector Graphic - Stroke","hd":false},{"ty":"tr","p":{"a":0,"k":[26.159,24.784],"ix":2},"a":{"a":0,"k":[0,0],"ix":1},"s":{"a":0,"k":[100,100],"ix":3},"r":{"a":0,"k":0,"ix":6},"o":{"a":0,"k":100,"ix":7},"sk":{"a":0,"k":0,"ix":4},"sa":{"a":0,"k":0,"ix":5},"nm":"Transformar"}],"nm":"Grupo 1","np":2,"cix":2,"bm":0,"ix":1,"mn":"ADBE Vector Group","hd":false},{"ty":"tm","s":{"a":0,"k":0,"ix":1},"e":{"a":1,"k":[{"i":{"x":[0.554],"y":[1]},"o":{"x":[0.751],"y":[0]},"t":12,"s":[0]},{"t":49,"s":[100]}],"ix":2},"o":{"a":0,"k":0,"ix":3},"m":1,"ix":2,"nm":"Recortar trazados 1","mn":"ADBE Vector Filter - Trim","hd":false},{"ty":"tm","s":{"a":0,"k":0,"ix":1},"e":{"a":0,"k":100,"ix":2},"o":{"a":0,"k":0,"ix":3},"m":1,"ix":3,"nm":"Recortar trazados 2","mn":"ADBE Vector Filter - Trim","hd":false}],"ip":2,"op":902,"st":2,"bm":0},{"ddd":0,"ind":15,"ty":4,"nm":"Layer 9 contornos","sr":1,"ks":{"o":{"a":0,"k":100,"ix":11},"r":{"a":0,"k":0,"ix":10},"p":{"a":0,"k":[1071.453,1889.586,0],"ix":2,"l":2},"a":{"a":0,"k":[20.46,23.703,0],"ix":1,"l":2},"s":{"a":0,"k":[100,100,100],"ix":6,"l":2}},"ao":0,"shapes":[{"ty":"gr","it":[{"ind":0,"ty":"sh","ix":1,"ks":{"a":0,"k":{"i":[[0,0],[-2.151,15.212]],"o":[[0,0],[0,0]],"v":[[-7.96,11.203],[7.96,-11.203]],"c":false},"ix":2},"nm":"Trazado 1","mn":"ADBE Vector Shape - Group","hd":false},{"ty":"st","c":{"a":0,"k":[0.006011137308,0.007010998913,0.012494377061,1],"ix":3},"o":{"a":0,"k":100,"ix":4},"w":{"a":0,"k":5,"ix":5},"lc":1,"lj":1,"ml":10,"bm":0,"nm":"Trazo 1","mn":"ADBE Vector Graphic - Stroke","hd":false},{"ty":"tr","p":{"a":0,"k":[20.46,23.703],"ix":2},"a":{"a":0,"k":[0,0],"ix":1},"s":{"a":0,"k":[100,100],"ix":3},"r":{"a":0,"k":0,"ix":6},"o":{"a":0,"k":100,"ix":7},"sk":{"a":0,"k":0,"ix":4},"sa":{"a":0,"k":0,"ix":5},"nm":"Transformar"}],"nm":"Grupo 1","np":2,"cix":2,"bm":0,"ix":1,"mn":"ADBE Vector Group","hd":false},{"ty":"tm","s":{"a":0,"k":0,"ix":1},"e":{"a":1,"k":[{"i":{"x":[0.554],"y":[1]},"o":{"x":[0.751],"y":[0]},"t":12,"s":[0]},{"t":49,"s":[100]}],"ix":2},"o":{"a":0,"k":0,"ix":3},"m":1,"ix":2,"nm":"Recortar trazados 1","mn":"ADBE Vector Filter - Trim","hd":false}],"ip":2,"op":902,"st":2,"bm":0},{"ddd":0,"ind":17,"ty":4,"nm":"Layer 10 contornos","sr":1,"ks":{"o":{"a":0,"k":100,"ix":11},"r":{"a":0,"k":0,"ix":10},"p":{"a":0,"k":[1059.562,1893.517,0],"ix":2,"l":2},"a":{"a":0,"k":[17.807,20.756,0],"ix":1,"l":2},"s":{"a":0,"k":[100,100,100],"ix":6,"l":2}},"ao":0,"shapes":[{"ty":"gr","it":[{"ind":0,"ty":"sh","ix":1,"ks":{"a":0,"k":{"i":[[0,0],[3.144,9.042]],"o":[[0,0],[0,0]],"v":[[-5.306,8.255],[2.163,-8.255]],"c":false},"ix":2},"nm":"Trazado 1","mn":"ADBE Vector Shape - Group","hd":false},{"ty":"st","c":{"a":0,"k":[0.006011137308,0.007010998913,0.012494377061,1],"ix":3},"o":{"a":0,"k":100,"ix":4},"w":{"a":0,"k":5,"ix":5},"lc":1,"lj":1,"ml":10,"bm":0,"nm":"Trazo 1","mn":"ADBE Vector Graphic - Stroke","hd":false},{"ty":"tr","p":{"a":0,"k":[17.806,20.756],"ix":2},"a":{"a":0,"k":[0,0],"ix":1},"s":{"a":0,"k":[100,100],"ix":3},"r":{"a":0,"k":0,"ix":6},"o":{"a":0,"k":100,"ix":7},"sk":{"a":0,"k":0,"ix":4},"sa":{"a":0,"k":0,"ix":5},"nm":"Transformar"}],"nm":"Grupo 1","np":2,"cix":2,"bm":0,"ix":1,"mn":"ADBE Vector Group","hd":false},{"ty":"tm","s":{"a":0,"k":0,"ix":1},"e":{"a":1,"k":[{"i":{"x":[0.554],"y":[1]},"o":{"x":[0.751],"y":[0]},"t":12,"s":[0]},{"t":49,"s":[100]}],"ix":2},"o":{"a":0,"k":0,"ix":3},"m":1,"ix":2,"nm":"Recortar trazados 1","mn":"ADBE Vector Filter - Trim","hd":false}],"ip":2,"op":902,"st":2,"bm":0},{"ddd":0,"ind":19,"ty":4,"nm":"Layer 11 contornos","sr":1,"ks":{"o":{"a":0,"k":100,"ix":11},"r":{"a":0,"k":0,"ix":10},"p":{"a":0,"k":[1031.456,1918.086,0],"ix":2,"l":2},"a":{"a":0,"k":[67.729,39.034,0],"ix":1,"l":2},"s":{"a":0,"k":[100,100,100],"ix":6,"l":2}},"ao":0,"shapes":[{"ty":"gr","it":[{"ind":0,"ty":"sh","ix":1,"ks":{"a":0,"k":{"i":[[0,0],[-48.547,-5.306],[-9.435,-2.948]],"o":[[0,0],[0,0],[0,0]],"v":[[-55.229,26.534],[20.047,-21.228],[55.229,-16.314]],"c":false},"ix":2},"nm":"Trazado 1","mn":"ADBE Vector Shape - Group","hd":false},{"ty":"st","c":{"a":0,"k":[0.006011137308,0.007010998913,0.012494377061,1],"ix":3},"o":{"a":0,"k":100,"ix":4},"w":{"a":0,"k":5,"ix":5},"lc":1,"lj":1,"ml":10,"bm":0,"nm":"Trazo 1","mn":"ADBE Vector Graphic - Stroke","hd":false},{"ty":"tr","p":{"a":0,"k":[67.73,39.034],"ix":2},"a":{"a":0,"k":[0,0],"ix":1},"s":{"a":0,"k":[100,100],"ix":3},"r":{"a":0,"k":0,"ix":6},"o":{"a":0,"k":100,"ix":7},"sk":{"a":0,"k":0,"ix":4},"sa":{"a":0,"k":0,"ix":5},"nm":"Transformar"}],"nm":"Grupo 1","np":2,"cix":2,"bm":0,"ix":1,"mn":"ADBE Vector Group","hd":false},{"ty":"tm","s":{"a":0,"k":0,"ix":1},"e":{"a":1,"k":[{"i":{"x":[0.554],"y":[1]},"o":{"x":[0.751],"y":[0]},"t":12,"s":[0]},{"t":49,"s":[100]}],"ix":2},"o":{"a":0,"k":0,"ix":3},"m":1,"ix":2,"nm":"Recortar trazados 1","mn":"ADBE Vector Filter - Trim","hd":false}],"ip":2,"op":902,"st":2,"bm":0},{"ddd":0,"ind":21,"ty":4,"nm":"Layer 12 contornos","sr":1,"ks":{"o":{"a":0,"k":100,"ix":11},"r":{"a":0,"k":0,"ix":10},"p":{"a":0,"k":[743.712,1993.854,0],"ix":2,"l":2},"a":{"a":0,"k":[21.148,15.153,0],"ix":1,"l":2},"s":{"a":0,"k":[100,100,100],"ix":6,"l":2}},"ao":0,"shapes":[{"ty":"gr","it":[{"ind":0,"ty":"sh","ix":1,"ks":{"a":0,"k":{"i":[[0,0],[7.469,1.376]],"o":[[0,0],[0,0]],"v":[[8.648,-2.654],[-8.648,1.277]],"c":false},"ix":2},"nm":"Trazado 1","mn":"ADBE Vector Shape - Group","hd":false},{"ty":"st","c":{"a":0,"k":[0.006011137308,0.007010998913,0.012494377061,1],"ix":3},"o":{"a":0,"k":100,"ix":4},"w":{"a":0,"k":5,"ix":5},"lc":1,"lj":1,"ml":10,"bm":0,"nm":"Trazo 1","mn":"ADBE Vector Graphic - Stroke","hd":false},{"ty":"tr","p":{"a":0,"k":[21.148,15.153],"ix":2},"a":{"a":0,"k":[0,0],"ix":1},"s":{"a":0,"k":[100,100],"ix":3},"r":{"a":0,"k":0,"ix":6},"o":{"a":0,"k":100,"ix":7},"sk":{"a":0,"k":0,"ix":4},"sa":{"a":0,"k":0,"ix":5},"nm":"Transformar"}],"nm":"Grupo 1","np":2,"cix":2,"bm":0,"ix":1,"mn":"ADBE Vector Group","hd":false},{"ty":"tm","s":{"a":0,"k":0,"ix":1},"e":{"a":1,"k":[{"i":{"x":[0.554],"y":[1]},"o":{"x":[0.751],"y":[0]},"t":12,"s":[0]},{"t":49,"s":[100]}],"ix":2},"o":{"a":0,"k":0,"ix":3},"m":1,"ix":2,"nm":"Recortar trazados 1","mn":"ADBE Vector Filter - Trim","hd":false}],"ip":2,"op":902,"st":2,"bm":0},{"ddd":0,"ind":23,"ty":4,"nm":"Layer 13 contornos","sr":1,"ks":{"o":{"a":0,"k":100,"ix":11},"r":{"a":0,"k":0,"ix":10},"p":{"a":0,"k":[740.765,1984.701,0],"ix":2,"l":2},"a":{"a":0,"k":[28.027,17.475,0],"ix":1,"l":2},"s":{"a":0,"k":[100,100,100],"ix":6,"l":2}},"ao":0,"shapes":[{"ty":"gr","it":[{"ind":0,"ty":"sh","ix":1,"ks":{"a":0,"k":{"i":[[0,0],[10.81,9.95]],"o":[[0,0],[0,0]],"v":[[15.527,1.786],[-15.527,-4.975]],"c":false},"ix":2},"nm":"Trazado 1","mn":"ADBE Vector Shape - Group","hd":false},{"ty":"st","c":{"a":0,"k":[0.006011137308,0.007010998913,0.012494377061,1],"ix":3},"o":{"a":0,"k":100,"ix":4},"w":{"a":0,"k":5,"ix":5},"lc":1,"lj":1,"ml":10,"bm":0,"nm":"Trazo 1","mn":"ADBE Vector Graphic - Stroke","hd":false},{"ty":"tr","p":{"a":0,"k":[28.027,17.475],"ix":2},"a":{"a":0,"k":[0,0],"ix":1},"s":{"a":0,"k":[100,100],"ix":3},"r":{"a":0,"k":0,"ix":6},"o":{"a":0,"k":100,"ix":7},"sk":{"a":0,"k":0,"ix":4},"sa":{"a":0,"k":0,"ix":5},"nm":"Transformar"}],"nm":"Grupo 1","np":2,"cix":2,"bm":0,"ix":1,"mn":"ADBE Vector Group","hd":false},{"ty":"tm","s":{"a":0,"k":0,"ix":1},"e":{"a":1,"k":[{"i":{"x":[0.554],"y":[1]},"o":{"x":[0.751],"y":[0]},"t":12,"s":[0]},{"t":49,"s":[100]}],"ix":2},"o":{"a":0,"k":0,"ix":3},"m":1,"ix":2,"nm":"Recortar trazados 1","mn":"ADBE Vector Filter - Trim","hd":false}],"ip":2,"op":902,"st":2,"bm":0},{"ddd":0,"ind":25,"ty":4,"nm":"Layer 14 contornos","sr":1,"ks":{"o":{"a":0,"k":100,"ix":11},"r":{"a":0,"k":0,"ix":10},"p":{"a":0,"k":[752.361,1978.783,0],"ix":2,"l":2},"a":{"a":0,"k":[28.617,16.354,0],"ix":1,"l":2},"s":{"a":0,"k":[100,100,100],"ix":6,"l":2}},"ao":0,"shapes":[{"ty":"gr","it":[{"ind":0,"ty":"sh","ix":1,"ks":{"a":0,"k":{"i":[[0,0],[12.775,7.707]],"o":[[0,0],[0,0]],"v":[[16.117,-1.734],[-16.117,-3.854]],"c":false},"ix":2},"nm":"Trazado 1","mn":"ADBE Vector Shape - Group","hd":false},{"ty":"st","c":{"a":0,"k":[0.006011137308,0.007010998913,0.012494377061,1],"ix":3},"o":{"a":0,"k":100,"ix":4},"w":{"a":0,"k":5,"ix":5},"lc":1,"lj":1,"ml":10,"bm":0,"nm":"Trazo 1","mn":"ADBE Vector Graphic - Stroke","hd":false},{"ty":"tr","p":{"a":0,"k":[28.616,16.354],"ix":2},"a":{"a":0,"k":[0,0],"ix":1},"s":{"a":0,"k":[100,100],"ix":3},"r":{"a":0,"k":0,"ix":6},"o":{"a":0,"k":100,"ix":7},"sk":{"a":0,"k":0,"ix":4},"sa":{"a":0,"k":0,"ix":5},"nm":"Transformar"}],"nm":"Grupo 1","np":2,"cix":2,"bm":0,"ix":1,"mn":"ADBE Vector Group","hd":false},{"ty":"tm","s":{"a":0,"k":0,"ix":1},"e":{"a":1,"k":[{"i":{"x":[0.554],"y":[1]},"o":{"x":[0.751],"y":[0]},"t":12,"s":[0]},{"t":49,"s":[100]}],"ix":2},"o":{"a":0,"k":0,"ix":3},"m":1,"ix":2,"nm":"Recortar trazados 1","mn":"ADBE Vector Filter - Trim","hd":false}],"ip":2,"op":902,"st":2,"bm":0},{"ddd":0,"ind":27,"ty":4,"nm":"Layer 15 contornos","sr":1,"ks":{"o":{"a":0,"k":100,"ix":11},"r":{"a":0,"k":0,"ix":10},"p":{"a":0,"k":[803.462,1968.838,0],"ix":2,"l":2},"a":{"a":0,"k":[69.499,38.792,0],"ix":1,"l":2},"s":{"a":0,"k":[100,100,100],"ix":6,"l":2}},"ao":0,"shapes":[{"ty":"gr","it":[{"ind":0,"ty":"sh","ix":1,"ks":{"a":0,"k":{"i":[[0,0],[43.171,-21.924],[15.921,-20.202]],"o":[[0,0],[-10.568,5.367],[0,0]],"v":[[56.999,-4.368],[-20.834,-4.368],[-56.999,26.292]],"c":false},"ix":2},"nm":"Trazado 1","mn":"ADBE Vector Shape - Group","hd":false},{"ty":"st","c":{"a":0,"k":[0.006011137308,0.007010998913,0.012494377061,1],"ix":3},"o":{"a":0,"k":100,"ix":4},"w":{"a":0,"k":5,"ix":5},"lc":1,"lj":1,"ml":10,"bm":0,"nm":"Trazo 1","mn":"ADBE Vector Graphic - Stroke","hd":false},{"ty":"tr","p":{"a":0,"k":[69.498,38.792],"ix":2},"a":{"a":0,"k":[0,0],"ix":1},"s":{"a":0,"k":[100,100],"ix":3},"r":{"a":0,"k":0,"ix":6},"o":{"a":0,"k":100,"ix":7},"sk":{"a":0,"k":0,"ix":4},"sa":{"a":0,"k":0,"ix":5},"nm":"Transformar"}],"nm":"Grupo 1","np":2,"cix":2,"bm":0,"ix":1,"mn":"ADBE Vector Group","hd":false},{"ty":"tm","s":{"a":0,"k":0,"ix":1},"e":{"a":1,"k":[{"i":{"x":[0.554],"y":[1]},"o":{"x":[0.751],"y":[0]},"t":12,"s":[0]},{"t":49,"s":[100]}],"ix":2},"o":{"a":0,"k":0,"ix":3},"m":1,"ix":2,"nm":"Recortar trazados 1","mn":"ADBE Vector Filter - Trim","hd":false}],"ip":2,"op":902,"st":2,"bm":0},{"ddd":0,"ind":29,"ty":4,"nm":"Layer 16 contornos","sr":1,"ks":{"o":{"a":0,"k":100,"ix":11},"r":{"a":0,"k":0,"ix":10},"p":{"a":0,"k":[789.268,1937.108,0],"ix":2,"l":2},"a":{"a":0,"k":[74.258,33.882,0],"ix":1,"l":2},"s":{"a":0,"k":[100,100,100],"ix":6,"l":2}},"ao":0,"shapes":[{"ty":"gr","it":[{"ind":0,"ty":"sh","ix":1,"ks":{"a":0,"k":{"i":[[0,0],[0,0],[0,0],[-0.367,0.141],[0,0],[0,0]],"o":[[0,0],[0,0],[-0.33,0.214],[0,0],[0,0],[0,0]],"v":[[61.759,-21.382],[-7.426,-14.305],[-61.428,20.66],[-61.134,21.241],[-6.639,0.482],[52.323,-8.802]],"c":true},"ix":2},"nm":"Trazado 1","mn":"ADBE Vector Shape - Group","hd":false},{"ty":"st","c":{"a":0,"k":[0.006011137308,0.007010998913,0.012494377061,1],"ix":3},"o":{"a":0,"k":100,"ix":4},"w":{"a":0,"k":5,"ix":5},"lc":1,"lj":1,"ml":10,"bm":0,"nm":"Trazo 1","mn":"ADBE Vector Graphic - Stroke","hd":false},{"ty":"tr","p":{"a":0,"k":[74.258,33.882],"ix":2},"a":{"a":0,"k":[0,0],"ix":1},"s":{"a":0,"k":[100,100],"ix":3},"r":{"a":0,"k":0,"ix":6},"o":{"a":0,"k":100,"ix":7},"sk":{"a":0,"k":0,"ix":4},"sa":{"a":0,"k":0,"ix":5},"nm":"Transformar"}],"nm":"Grupo 1","np":2,"cix":2,"bm":0,"ix":1,"mn":"ADBE Vector Group","hd":false},{"ty":"tm","s":{"a":0,"k":0,"ix":1},"e":{"a":1,"k":[{"i":{"x":[0.554],"y":[1]},"o":{"x":[0.751],"y":[0]},"t":12,"s":[0]},{"t":73,"s":[100]}],"ix":2},"o":{"a":0,"k":0,"ix":3},"m":1,"ix":2,"nm":"Recortar trazados 1","mn":"ADBE Vector Filter - Trim","hd":false}],"ip":2,"op":902,"st":2,"bm":0},{"ddd":0,"ind":31,"ty":4,"nm":"Layer 17 contornos","sr":1,"ks":{"o":{"a":0,"k":100,"ix":11},"r":{"a":0,"k":0,"ix":10},"p":{"a":0,"k":[1009.35,1959.471,0],"ix":2,"l":2},"a":{"a":0,"k":[90.633,123.82,0],"ix":1,"l":2},"s":{"a":0,"k":[100,100,100],"ix":6,"l":2}},"ao":0,"shapes":[{"ty":"gr","it":[{"ind":0,"ty":"sh","ix":1,"ks":{"a":0,"k":{"i":[[0,0],[-3.931,45.598],[-30.661,31.447],[-53.428,2.413],[-2.725,-1.363],[0,0],[0.521,0.045],[0,0],[2.485,-1.061],[18.692,17.357]],"o":[[0,0],[0,0],[0,0],[3.045,-0.138],[0,0],[0.469,0.234],[0,0],[-2.692,-0.234],[-13.08,5.591],[0,0]],"v":[[-60.051,111.32],[-74.202,-25.662],[-36.465,-91.701],[43.677,-111.182],[52.484,-109.335],[77.664,-96.745],[77.411,-95.848],[47.956,-98.409],[40.079,-97.159],[-36.465,-91.701]],"c":false},"ix":2},"nm":"Trazado 1","mn":"ADBE Vector Shape - Group","hd":false},{"ty":"st","c":{"a":0,"k":[0.006011137308,0.007010998913,0.012494377061,1],"ix":3},"o":{"a":0,"k":100,"ix":4},"w":{"a":0,"k":5,"ix":5},"lc":1,"lj":1,"ml":10,"bm":0,"nm":"Trazo 1","mn":"ADBE Vector Graphic - Stroke","hd":false},{"ty":"tr","p":{"a":0,"k":[90.633,123.82],"ix":2},"a":{"a":0,"k":[0,0],"ix":1},"s":{"a":0,"k":[100,100],"ix":3},"r":{"a":0,"k":0,"ix":6},"o":{"a":0,"k":100,"ix":7},"sk":{"a":0,"k":0,"ix":4},"sa":{"a":0,"k":0,"ix":5},"nm":"Transformar"}],"nm":"Grupo 1","np":2,"cix":2,"bm":0,"ix":1,"mn":"ADBE Vector Group","hd":false},{"ty":"tm","s":{"a":0,"k":0,"ix":1},"e":{"a":1,"k":[{"i":{"x":[0.554],"y":[1]},"o":{"x":[0.751],"y":[0]},"t":12,"s":[0]},{"t":73,"s":[100]}],"ix":2},"o":{"a":0,"k":0,"ix":3},"m":1,"ix":2,"nm":"Recortar trazados 1","mn":"ADBE Vector Filter - Trim","hd":false}],"ip":2,"op":902,"st":2,"bm":0},{"ddd":0,"ind":33,"ty":4,"nm":"Layer 18 contornos","sr":1,"ks":{"o":{"a":0,"k":100,"ix":11},"r":{"a":0,"k":0,"ix":10},"p":{"a":0,"k":[1249.622,1762.848,0],"ix":2,"l":2},"a":{"a":0,"k":[370.214,318.665,0],"ix":1,"l":2},"s":{"a":0,"k":[100,100,100],"ix":6,"l":2}},"ao":0,"shapes":[{"ty":"gr","it":[{"ind":0,"ty":"sh","ix":1,"ks":{"a":0,"k":{"i":[[0,0],[1.047,17.393],[3.93,4.874],[22.906,-3.965],[28.175,40.795],[0.623,3.287],[0.501,39.102],[48.021,-20.913],[7.558,1.783],[7,5.919],[0.76,3.078],[15.262,25.879],[11.792,16.511],[-10.22,48.743],[0,0],[8.135,5.547],[0,0],[1.656,15.818],[3.323,5.489],[22.982,6.073],[2.496,0.055],[19.723,25.271],[19.266,-4.896],[13.184,2.634],[16.438,14.433],[8.416,-12.507],[0.457,-0.768]],"o":[[0,0],[-0.375,-6.25],[-6.382,-7.916],[0,0],[-1.901,-2.753],[-1.456,-7.682],[0,0],[-7.119,3.101],[-7.676,-1.81],[-2.421,-2.047],[-3.515,-14.255],[0,0],[0,0],[0,0],[-0.867,-9.808],[0,0],[0,0],[-0.668,-6.382],[-7.437,-12.286],[-2.413,-0.638],[-6.139,-0.136],[0,0],[-13.03,3.31],[-18.771,-3.752],[-11.329,-9.947],[-0.468,0.696],[0,0]],"v":[[357.714,306.165],[339.491,278.878],[333.255,261.659],[291.674,249.579],[198.902,214.724],[195.1,205.555],[191.043,141.085],[140.915,126.312],[118.301,128.394],[94.233,117.376],[89.417,109.443],[58.178,21.586],[10.221,-9.076],[3.931,-68.039],[1.963,-90.283],[-12.258,-114.539],[-76.653,-158.45],[-93.611,-183.012],[-99.679,-201.025],[-144.58,-237.577],[-151.983,-238.494],[-194.187,-266.943],[-219.452,-271.865],[-259.268,-270.613],[-319.126,-296.218],[-356.326,-291.936],[-357.714,-289.742]],"c":false},"ix":2},"nm":"Trazado 1","mn":"ADBE Vector Shape - Group","hd":false},{"ty":"st","c":{"a":0,"k":[0.006011137308,0.007010998913,0.012494377061,1],"ix":3},"o":{"a":0,"k":100,"ix":4},"w":{"a":0,"k":5,"ix":5},"lc":1,"lj":1,"ml":10,"bm":0,"nm":"Trazo 1","mn":"ADBE Vector Graphic - Stroke","hd":false},{"ty":"tr","p":{"a":0,"k":[370.214,318.666],"ix":2},"a":{"a":0,"k":[0,0],"ix":1},"s":{"a":0,"k":[100,100],"ix":3},"r":{"a":0,"k":0,"ix":6},"o":{"a":0,"k":100,"ix":7},"sk":{"a":0,"k":0,"ix":4},"sa":{"a":0,"k":0,"ix":5},"nm":"Transformar"}],"nm":"Grupo 1","np":2,"cix":2,"bm":0,"ix":1,"mn":"ADBE Vector Group","hd":false},{"ty":"tm","s":{"a":0,"k":0,"ix":1},"e":{"a":1,"k":[{"i":{"x":[0.554],"y":[1]},"o":{"x":[0.751],"y":[0]},"t":12,"s":[0]},{"t":73,"s":[100]}],"ix":2},"o":{"a":0,"k":0,"ix":3},"m":1,"ix":2,"nm":"Recortar trazados 1","mn":"ADBE Vector Filter - Trim","hd":false}],"ip":2,"op":902,"st":2,"bm":0},{"ddd":0,"ind":35,"ty":4,"nm":"Layer 19 contornos","sr":1,"ks":{"o":{"a":0,"k":100,"ix":11},"r":{"a":0,"k":0,"ix":10},"p":{"a":0,"k":[1172.538,1791.894,0],"ix":2,"l":2},"a":{"a":0,"k":[273.474,289.62,0],"ix":1,"l":2},"s":{"a":0,"k":[100,100,100],"ix":6,"l":2}},"ao":0,"shapes":[{"ty":"gr","it":[{"ind":0,"ty":"sh","ix":1,"ks":{"a":0,"k":{"i":[[0,0],[-10.739,15.615],[5.358,6.305],[38.769,18.277],[-21.802,28.768],[14.645,57.598],[1.438,-0.835],[12.609,-7.865],[0.038,117.123],[-4.223,2.741],[-6.812,3.8],[-2.114,3.191],[6.438,16.586],[3.733,-0.155],[0,0],[7.857,-5.193],[3.124,-1.367],[18.657,12.867],[-2.358,30.661],[7.11,18.832],[6.508,0.423],[31.676,-18.911],[-9.434,43.239],[-4.806,11.006],[57.391,-8.647]],"o":[[0,0],[4.689,-6.819],[-10.766,-12.666],[0,0],[0,0],[-0.409,-1.611],[-7.103,4.124],[0,0],[-0.001,-5.035],[3.154,-2.047],[3.344,-1.865],[5.853,-8.837],[-1.352,-3.482],[0,0],[0,0],[-2.845,1.88],[-17.834,7.801],[0,0],[0,0],[-2.304,-6.1],[-9.568,-0.621],[0,0],[0,0],[0,0],[0,0]],"v":[[223.315,277.12],[256.285,249.917],[255.124,227.648],[181.646,172.576],[121.322,101.5],[175.462,-5.067],[171.8,-6.64],[132.904,16.54],[55.766,-82.084],[62.571,-94.537],[77.172,-103.181],[85.508,-110.861],[95.009,-155.029],[86.428,-160.534],[15.761,-157.62],[-5.257,-154.308],[-14.12,-149.269],[-101.38,-134.035],[-109.241,-160.766],[-108.468,-214.514],[-122.799,-225.285],[-182.356,-204.005],[-220.093,-233.094],[-210.748,-262.183],[-260.974,-268.473]],"c":false},"ix":2},"nm":"Trazado 1","mn":"ADBE Vector Shape - Group","hd":false},{"ty":"st","c":{"a":0,"k":[0.006011137308,0.007010998913,0.012494377061,1],"ix":3},"o":{"a":0,"k":100,"ix":4},"w":{"a":0,"k":5,"ix":5},"lc":1,"lj":1,"ml":10,"bm":0,"nm":"Trazo 1","mn":"ADBE Vector Graphic - Stroke","hd":false},{"ty":"tr","p":{"a":0,"k":[273.474,289.62],"ix":2},"a":{"a":0,"k":[0,0],"ix":1},"s":{"a":0,"k":[100,100],"ix":3},"r":{"a":0,"k":0,"ix":6},"o":{"a":0,"k":100,"ix":7},"sk":{"a":0,"k":0,"ix":4},"sa":{"a":0,"k":0,"ix":5},"nm":"Transformar"}],"nm":"Grupo 1","np":2,"cix":2,"bm":0,"ix":1,"mn":"ADBE Vector Group","hd":false},{"ty":"tm","s":{"a":0,"k":0,"ix":1},"e":{"a":1,"k":[{"i":{"x":[0.554],"y":[1]},"o":{"x":[0.751],"y":[0]},"t":12,"s":[0]},{"t":73,"s":[100]}],"ix":2},"o":{"a":0,"k":0,"ix":3},"m":1,"ix":2,"nm":"Recortar trazados 1","mn":"ADBE Vector Filter - Trim","hd":false}],"ip":2,"op":902,"st":2,"bm":0},{"ddd":0,"ind":37,"ty":4,"nm":"Layer 20 contornos","sr":1,"ks":{"o":{"a":0,"k":100,"ix":11},"r":{"a":0,"k":0,"ix":10},"p":{"a":0,"k":[1288.49,1893.394,0],"ix":2,"l":2},"a":{"a":0,"k":[207.915,188.12,0],"ix":1,"l":2},"s":{"a":0,"k":[100,100,100],"ix":6,"l":2}},"ao":0,"shapes":[{"ty":"gr","it":[{"ind":0,"ty":"sh","ix":1,"ks":{"a":0,"k":{"i":[[0,0],[150.161,-3.931],[-40.095,51.102],[-2.595,23.145],[1.563,0.474],[46.554,-14.548],[-32.234,50.315],[11.007,5.13],[66.637,-7.881],[5.273,6.21],[3.906,22.556],[3.198,2.442],[0,0],[0,0],[-2.754,-5.364],[10.848,-142.384]],"o":[[0,0],[0,0],[0,0],[0.182,-1.623],[-5.604,-1.704],[0,0],[0,0],[0,0],[-8.089,0.957],[-6.309,-7.431],[-0.686,-3.965],[0,0],[0,0],[-0.333,6.02],[16.594,32.31],[0,0]],"v":[[195.415,174.731],[27.171,126.109],[-20.786,71.863],[9.697,10.555],[7.323,6.948],[-61.668,18.402],[-70.316,-31.127],[-50.661,-84.96],[-111.522,-86.086],[-132.978,-94.403],[-150.346,-137.42],[-156.342,-147.404],[-193.308,-175.62],[-195.082,-143.605],[-191.401,-126.217],[-126.135,175.62]],"c":false},"ix":2},"nm":"Trazado 1","mn":"ADBE Vector Shape - Group","hd":false},{"ty":"st","c":{"a":0,"k":[0.006011137308,0.007010998913,0.012494377061,1],"ix":3},"o":{"a":0,"k":100,"ix":4},"w":{"a":0,"k":5,"ix":5},"lc":1,"lj":1,"ml":10,"bm":0,"nm":"Trazo 1","mn":"ADBE Vector Graphic - Stroke","hd":false},{"ty":"tr","p":{"a":0,"k":[207.914,188.121],"ix":2},"a":{"a":0,"k":[0,0],"ix":1},"s":{"a":0,"k":[100,100],"ix":3},"r":{"a":0,"k":0,"ix":6},"o":{"a":0,"k":100,"ix":7},"sk":{"a":0,"k":0,"ix":4},"sa":{"a":0,"k":0,"ix":5},"nm":"Transformar"}],"nm":"Grupo 1","np":2,"cix":2,"bm":0,"ix":1,"mn":"ADBE Vector Group","hd":false},{"ty":"tm","s":{"a":0,"k":0,"ix":1},"e":{"a":1,"k":[{"i":{"x":[0.554],"y":[1]},"o":{"x":[0.751],"y":[0]},"t":12,"s":[0]},{"t":73,"s":[100]}],"ix":2},"o":{"a":0,"k":0,"ix":3},"m":1,"ix":2,"nm":"Recortar trazados 1","mn":"ADBE Vector Filter - Trim","hd":false}],"ip":2,"op":902,"st":2,"bm":0},{"ddd":0,"ind":39,"ty":4,"nm":"Layer 21 contornos","sr":1,"ks":{"o":{"a":0,"k":100,"ix":11},"r":{"a":0,"k":0,"ix":10},"p":{"a":0,"k":[1103.391,1839.459,0],"ix":2,"l":2},"a":{"a":0,"k":[223.983,242.055,0],"ix":1,"l":2},"s":{"a":0,"k":[100,100,100],"ix":6,"l":2}},"ao":0,"shapes":[{"ty":"gr","it":[{"ind":0,"ty":"sh","ix":1,"ks":{"a":0,"k":{"i":[[0,0],[44.812,-2.36],[0,0],[-49.529,51.102],[29.977,19.263],[3.066,4.057],[3.208,4.411],[117.142,47.957],[-31.448,8.649],[9.916,22.56],[0.374,0.071],[10.156,5.136],[-17.42,20.441],[9.509,12.724],[1.4,-0.183],[25.858,17.472],[-4.811,12.008],[0.5,-0.009],[15.51,-10.577]],"o":[[0,0],[0,0],[0,0],[0,0],[-4.278,-2.748],[-3.376,-4.465],[0,0],[0,0],[0,0],[-0.153,-0.349],[-5.374,-1.028],[0,0],[0,0],[-0.845,-1.131],[-11.084,1.44],[0,0],[0.186,-0.464],[-5.908,0.114],[0,0]],"v":[[179.25,229.555],[166.671,187.907],[62.108,183.975],[55.033,118.722],[105.392,34.053],[94.15,23.957],[83.336,9.443],[-58.178,-63.673],[-49.529,-88.831],[-9.176,-130.725],[-10.022,-131.396],[-66.163,-145.435],[-66.163,-172.166],[-67.687,-197.057],[-71.325,-198.599],[-159.595,-209.117],[-160.004,-228.581],[-160.644,-229.545],[-211.483,-217.764]],"c":false},"ix":2},"nm":"Trazado 1","mn":"ADBE Vector Shape - Group","hd":false},{"ty":"st","c":{"a":0,"k":[0.006011137308,0.007010998913,0.012494377061,1],"ix":3},"o":{"a":0,"k":100,"ix":4},"w":{"a":0,"k":5,"ix":5},"lc":1,"lj":1,"ml":10,"bm":0,"nm":"Trazo 1","mn":"ADBE Vector Graphic - Stroke","hd":false},{"ty":"tr","p":{"a":0,"k":[223.983,242.055],"ix":2},"a":{"a":0,"k":[0,0],"ix":1},"s":{"a":0,"k":[100,100],"ix":3},"r":{"a":0,"k":0,"ix":6},"o":{"a":0,"k":100,"ix":7},"sk":{"a":0,"k":0,"ix":4},"sa":{"a":0,"k":0,"ix":5},"nm":"Transformar"}],"nm":"Grupo 1","np":2,"cix":2,"bm":0,"ix":1,"mn":"ADBE Vector Group","hd":false},{"ty":"tm","s":{"a":0,"k":0,"ix":1},"e":{"a":1,"k":[{"i":{"x":[0.554],"y":[1]},"o":{"x":[0.751],"y":[0]},"t":12,"s":[0]},{"t":73,"s":[100]}],"ix":2},"o":{"a":0,"k":0,"ix":3},"m":1,"ix":2,"nm":"Recortar trazados 1","mn":"ADBE Vector Filter - Trim","hd":false}],"ip":2,"op":902,"st":2,"bm":0},{"ddd":0,"ind":41,"ty":4,"nm":"Layer 22 contornos","sr":1,"ks":{"o":{"a":0,"k":100,"ix":11},"r":{"a":0,"k":0,"ix":10},"p":{"a":0,"k":[530.264,1764.571,0],"ix":2,"l":2},"a":{"a":0,"k":[379.648,318.721,0],"ix":1,"l":2},"s":{"a":0,"k":[100,100,100],"ix":6,"l":2}},"ao":0,"shapes":[{"ty":"gr","it":[{"ind":0,"ty":"sh","ix":1,"ks":{"a":0,"k":{"i":[[0,0],[0.786,24.372],[-14.937,10.221],[-31.447,-1.572],[0,0],[7.075,12.579],[-23.586,23.585],[-33.02,-15.724],[-9.434,18.082],[23.975,42.081],[-47.957,33.02],[-37.737,-13.365],[3.145,53.461],[-29.434,29.747],[-44.026,8.648],[-15.724,37.592],[-19.655,9.434],[-12.579,0.786],[-16.13,24.094],[-4.172,2.108],[-32.668,-3.749],[0,0],[15.724,-91.197],[13.365,-18.082],[0,0],[0,0],[4.624,-4.783],[14.776,-74.686],[-46.384,-89.746],[0,0],[-24.372,50.317],[-48.743,3.144],[-17.596,35.311],[2.422,2.806],[20.723,19.47],[-60.536,40.096],[0,0],[2.358,13.364],[-58.178,22.8],[-7.076,-18.868],[-6.29,16.51],[22.8,10.863],[22.671,6.019],[2.023,1.996],[4.859,-2.229],[1.772,-0.304],[39.303,3.865],[10.495,-67.1],[-0.353,-2.818],[98.088,-31.776],[19.995,-25.122],[1.066,-0.384],[-45.974,-42.436],[-38.192,-16.672],[-1.735,-1.694],[82.513,-60.069],[70.756,-15.723],[46.384,-36.285]],"o":[[0,0],[0,0],[0,0],[0,0],[0,0],[0,0],[0,0],[0,0],[0,0],[0,0],[0,0],[0,0],[-1.012,-17.199],[0,0],[0,0],[0,0],[0,0],[0,0],[2.601,-3.884],[10.299,-5.201],[0,0],[0,0],[0,0],[0,0],[0,0],[-6.311,2.105],[-13.174,13.625],[0,0],[0,0],[0,0],[0,0],[0,0],[1.654,-3.318],[-4.719,-5.471],[0,0],[0,0],[0,0],[0,0],[0,0],[0,0],[0,0],[0,0],[-2.747,-0.73],[-2.171,-2.143],[-1.633,0.75],[-9.283,1.589],[0,0],[-0.439,2.806],[2.091,16.674],[0,0],[-0.706,0.887],[-8.988,3.237],[0,0],[2.223,0.97],[10.144,9.899],[0,0],[0,0],[0,0]],"v":[[-367.148,303.555],[-318.404,267.512],[-304.253,228.202],[-272.02,221.913],[-237.428,221.705],[-228.779,210.906],[-223.276,111.061],[-181.608,115.778],[-141.513,97.697],[-165.099,43.864],[-141.513,-76.837],[-102.204,-62.685],[-70.757,-106.712],[-31.447,-163.317],[21.227,-183.757],[57.391,-218.494],[88.839,-251.369],[114.783,-255.3],[151.061,-284.258],[161.309,-293.459],[225.635,-302.471],[297.963,-303.477],[351.424,-209.702],[332.555,-142.09],[281.454,-105.925],[229.683,-88.669],[213.035,-78.212],[161.167,43.864],[191.042,303.555],[180.036,306.221],[39.309,138.577],[83.335,129.144],[142.986,89.893],[141.771,79.776],[106.135,43.864],[136.01,-32.024],[187.112,-68.974],[195.76,-85.484],[247.648,-164.103],[291.674,-150.738],[307.398,-151.524],[303.466,-218.494],[274.606,-231.264],[267.358,-235.466],[256.684,-237.537],[251.604,-235.851],[173.747,-234.073],[110.741,-173.725],[110.632,-165.243],[17.296,-46.175],[-61.023,-5.147],[-63.697,-3.186],[-69.184,60.745],[2.046,105.201],[8.049,109.186],[-39.309,214.836],[-145.444,258.077],[-240.572,303.555]],"c":false},"ix":2},"nm":"Trazado 1","mn":"ADBE Vector Shape - Group","hd":false},{"ty":"st","c":{"a":0,"k":[0.006011137308,0.007010998913,0.012494377061,1],"ix":3},"o":{"a":0,"k":100,"ix":4},"w":{"a":0,"k":5,"ix":5},"lc":1,"lj":1,"ml":10,"bm":0,"nm":"Trazo 1","mn":"ADBE Vector Graphic - Stroke","hd":false},{"ty":"tr","p":{"a":0,"k":[379.648,318.721],"ix":2},"a":{"a":0,"k":[0,0],"ix":1},"s":{"a":0,"k":[100,100],"ix":3},"r":{"a":0,"k":0,"ix":6},"o":{"a":0,"k":100,"ix":7},"sk":{"a":0,"k":0,"ix":4},"sa":{"a":0,"k":0,"ix":5},"nm":"Transformar"}],"nm":"Grupo 1","np":2,"cix":2,"bm":0,"ix":1,"mn":"ADBE Vector Group","hd":false},{"ty":"tm","s":{"a":0,"k":0,"ix":1},"e":{"a":1,"k":[{"i":{"x":[0.554],"y":[1]},"o":{"x":[0.751],"y":[0]},"t":12,"s":[0]},{"t":73,"s":[100]}],"ix":2},"o":{"a":0,"k":0,"ix":3},"m":1,"ix":2,"nm":"Recortar trazados 1","mn":"ADBE Vector Filter - Trim","hd":false}],"ip":2,"op":902,"st":2,"bm":0},{"ddd":0,"ind":43,"ty":4,"nm":"Layer 23 contornos","sr":1,"ks":{"o":{"a":0,"k":100,"ix":11},"r":{"a":0,"k":0,"ix":10},"p":{"a":0,"k":[397.693,1808.177,0],"ix":2,"l":2},"a":{"a":0,"k":[409.621,275.114,0],"ix":1,"l":2},"s":{"a":0,"k":[100,100,100],"ix":6,"l":2}},"ao":0,"shapes":[{"ty":"gr","it":[{"ind":0,"ty":"sh","ix":1,"ks":{"a":0,"k":{"i":[[0,0],[-19.212,54.02],[-0.832,1.858],[16.378,72.608],[-8.025,15.52],[-9.848,-1.422],[-2.03,-1.463],[1.134,-16.078],[-7.127,-0.322],[-45.69,49.159],[-10.378,8.727],[-31.377,18.034],[-42.074,2.2],[-3.755,0.498],[-2.369,0.233],[-12.612,12.966],[-40.413,9.209],[-3.955,0.327],[-15.33,-24.274]],"o":[[0,0],[0.682,-1.919],[2.144,-4.791],[-3.845,-17.045],[5.264,-10.183],[2.477,0.358],[5.5,3.965],[-0.502,7.116],[25.207,1.137],[9.232,-9.933],[17.335,-14.577],[36.528,-20.994],[3.457,-0.181],[2.361,-0.313],[15.848,-1.558],[21.031,-21.62],[3.869,-0.882],[8.359,-0.69],[0,0]],"v":[[-397.121,262.614],[-223.204,144.704],[-220.958,139.036],[-231.759,42.581],[-225.635,-7.963],[-203.131,-25.071],[-196.311,-22.168],[-180.024,8.395],[-168.377,21.866],[-44.317,-30.62],[-15.048,-58.79],[60.377,-112.042],[180.197,-146.392],[191.051,-147.385],[198.152,-148.162],[267.99,-174.297],[344.371,-261.732],[356.255,-261.922],[397.121,-236.209]],"c":false},"ix":2},"nm":"Trazado 1","mn":"ADBE Vector Shape - Group","hd":false},{"ty":"st","c":{"a":0,"k":[0.006011137308,0.007010998913,0.012494377061,1],"ix":3},"o":{"a":0,"k":100,"ix":4},"w":{"a":0,"k":5,"ix":5},"lc":1,"lj":1,"ml":10,"bm":0,"nm":"Trazo 1","mn":"ADBE Vector Graphic - Stroke","hd":false},{"ty":"tr","p":{"a":0,"k":[409.621,275.114],"ix":2},"a":{"a":0,"k":[0,0],"ix":1},"s":{"a":0,"k":[100,100],"ix":3},"r":{"a":0,"k":0,"ix":6},"o":{"a":0,"k":100,"ix":7},"sk":{"a":0,"k":0,"ix":4},"sa":{"a":0,"k":0,"ix":5},"nm":"Transformar"}],"nm":"Grupo 1","np":2,"cix":2,"bm":0,"ix":1,"mn":"ADBE Vector Group","hd":false},{"ty":"tm","s":{"a":0,"k":0,"ix":1},"e":{"a":1,"k":[{"i":{"x":[0.554],"y":[1]},"o":{"x":[0.751],"y":[0]},"t":12,"s":[0]},{"t":73,"s":[100]}],"ix":2},"o":{"a":0,"k":0,"ix":3},"m":1,"ix":2,"nm":"Recortar trazados 1","mn":"ADBE Vector Filter - Trim","hd":false}],"ip":2,"op":902,"st":2,"bm":0}],"markers":[]}