{"v":"5.7.4","fr":30,"ip":0,"op":210,"w":378,"h":442,"nm":"TAZA DE CAFE 2","ddd":0,"assets":[],"layers":[{"ddd":0,"ind":1,"ty":4,"nm":"8 | Dott contornos 2","sr":1,"ks":{"o":{"a":0,"k":100,"ix":11},"r":{"a":0,"k":0,"ix":10},"p":{"s":true,"x":{"a":0,"k":190.91,"ix":3},"y":{"a":1,"k":[{"i":{"x":[0.667],"y":[1]},"o":{"x":[0.333],"y":[0]},"t":11,"s":[128.708]},{"i":{"x":[0.667],"y":[1]},"o":{"x":[0.333],"y":[0]},"t":78,"s":[117.708]},{"t":195,"s":[128.708]}],"ix":4}},"a":{"a":0,"k":[0.994,0.995,0],"ix":1,"l":2},"s":{"a":0,"k":[100,100,100],"ix":6,"l":2}},"ao":0,"shapes":[{"ty":"gr","it":[{"ind":0,"ty":"sh","ix":1,"ks":{"a":0,"k":{"i":[[-0.412,0],[0,-0.412],[0.411,0],[0,0.411]],"o":[[0.411,0],[0,0.411],[-0.412,0],[0,-0.412]],"v":[[0.001,-0.745],[0.745,0],[0.001,0.745],[-0.745,0]],"c":true},"ix":2},"nm":"Trazado 1","mn":"ADBE Vector Shape - Group","hd":false},{"ty":"fl","c":{"a":0,"k":[0.086000001197,0.086000001197,0.086000001197,1],"ix":4},"o":{"a":0,"k":100,"ix":5},"r":1,"bm":0,"nm":"Relleno 1","mn":"ADBE Vector Graphic - Fill","hd":false},{"ty":"tr","p":{"a":0,"k":[0.994,0.995],"ix":2},"a":{"a":0,"k":[0,0],"ix":1},"s":{"a":0,"k":[100,100],"ix":3},"r":{"a":0,"k":0,"ix":6},"o":{"a":0,"k":100,"ix":7},"sk":{"a":0,"k":0,"ix":4},"sa":{"a":0,"k":0,"ix":5},"nm":"Transformar"}],"nm":"Grupo 1","np":2,"cix":2,"bm":0,"ix":1,"mn":"ADBE Vector Group","hd":false}],"ip":0,"op":900,"st":0,"cp":true,"bm":0},{"ddd":0,"ind":2,"ty":4,"nm":"7 | Dott contornos 2","sr":1,"ks":{"o":{"a":0,"k":100,"ix":11},"r":{"a":0,"k":0,"ix":10},"p":{"s":true,"x":{"a":0,"k":165.585,"ix":3},"y":{"a":1,"k":[{"i":{"x":[0.988],"y":[0.833]},"o":{"x":[0.012],"y":[0.167]},"t":6,"s":[139.136]},{"i":{"x":[0.833],"y":[1]},"o":{"x":[0],"y":[0]},"t":32,"s":[125.136]},{"i":{"x":[1],"y":[1]},"o":{"x":[0.167],"y":[0]},"t":50,"s":[144.136]},{"i":{"x":[0.988],"y":[0.84]},"o":{"x":[0.012],"y":[0.16]},"t":69,"s":[139.136]},{"i":{"x":[0.833],"y":[1]},"o":{"x":[0],"y":[0]},"t":94,"s":[125.136]},{"i":{"x":[1],"y":[1]},"o":{"x":[0.167],"y":[0]},"t":112,"s":[144.136]},{"i":{"x":[0.988],"y":[0.84]},"o":{"x":[0.012],"y":[0.16]},"t":141,"s":[139.136]},{"i":{"x":[0.833],"y":[1]},"o":{"x":[0],"y":[0]},"t":166,"s":[125.136]},{"i":{"x":[1],"y":[1]},"o":{"x":[0.167],"y":[0]},"t":184,"s":[144.136]},{"t":199,"s":[139.136]}],"ix":4}},"a":{"a":0,"k":[0.995,0.995,0],"ix":1,"l":2},"s":{"a":0,"k":[100,100,100],"ix":6,"l":2}},"ao":0,"shapes":[{"ty":"gr","it":[{"ind":0,"ty":"sh","ix":1,"ks":{"a":0,"k":{"i":[[-0.411,0],[0,-0.412],[0.411,0],[0,0.411]],"o":[[0.411,0],[0,0.411],[-0.411,0],[0,-0.412]],"v":[[0,-0.745],[0.745,0],[0,0.745],[-0.745,0]],"c":true},"ix":2},"nm":"Trazado 1","mn":"ADBE Vector Shape - Group","hd":false},{"ty":"fl","c":{"a":0,"k":[0.086000001197,0.086000001197,0.086000001197,1],"ix":4},"o":{"a":0,"k":100,"ix":5},"r":1,"bm":0,"nm":"Relleno 1","mn":"ADBE Vector Graphic - Fill","hd":false},{"ty":"tr","p":{"a":0,"k":[0.995,0.995],"ix":2},"a":{"a":0,"k":[0,0],"ix":1},"s":{"a":0,"k":[100,100],"ix":3},"r":{"a":0,"k":0,"ix":6},"o":{"a":0,"k":100,"ix":7},"sk":{"a":0,"k":0,"ix":4},"sa":{"a":0,"k":0,"ix":5},"nm":"Transformar"}],"nm":"Grupo 1","np":2,"cix":2,"bm":0,"ix":1,"mn":"ADBE Vector Group","hd":false}],"ip":0,"op":900,"st":0,"cp":true,"bm":0},{"ddd":0,"ind":3,"ty":4,"nm":"6 | Shiny star contornos 2","sr":1,"ks":{"o":{"a":0,"k":100,"ix":11},"r":{"a":0,"k":0,"ix":10},"p":{"s":true,"x":{"a":0,"k":182.033,"ix":3},"y":{"a":1,"k":[{"i":{"x":[0.057],"y":[0.88]},"o":{"x":[0.167],"y":[0]},"t":6,"s":[124.596]},{"i":{"x":[0.667],"y":[1]},"o":{"x":[0.167],"y":[0]},"t":24,"s":[128.346]},{"i":{"x":[0.667],"y":[1]},"o":{"x":[0.333],"y":[0]},"t":43,"s":[131.346]},{"i":{"x":[0.667],"y":[1]},"o":{"x":[0.333],"y":[0]},"t":62,"s":[128.346]},{"i":{"x":[0.667],"y":[1]},"o":{"x":[0.333],"y":[0]},"t":80,"s":[131.346]},{"i":{"x":[0.667],"y":[1]},"o":{"x":[0.333],"y":[0]},"t":104,"s":[131.346]},{"i":{"x":[0.667],"y":[1]},"o":{"x":[0.333],"y":[0]},"t":135,"s":[128.346]},{"i":{"x":[0.057],"y":[1.184]},"o":{"x":[0.333],"y":[0]},"t":151,"s":[131.346]},{"i":{"x":[0.667],"y":[1]},"o":{"x":[0.167],"y":[0]},"t":173,"s":[128.346]},{"i":{"x":[0.833],"y":[1]},"o":{"x":[0.333],"y":[0]},"t":196,"s":[131.346]},{"t":209,"s":[124.596]}],"ix":4,"x":"var $bm_rt;\n$bm_rt = transform.yPosition;"}},"a":{"a":0,"k":[6.805,10.145,0],"ix":1,"l":2},"s":{"a":1,"k":[{"i":{"x":[0.667,0.667,0.667],"y":[1,1,1]},"o":{"x":[0.333,0.333,0.333],"y":[0,0,0]},"t":91,"s":[100,100,100]},{"i":{"x":[0.667,0.667,0.667],"y":[1,1,1]},"o":{"x":[0.333,0.333,0.333],"y":[0,0,0]},"t":93,"s":[0,0,100]},{"i":{"x":[0.667,0.667,0.667],"y":[1,1,1]},"o":{"x":[0.333,0.333,0.333],"y":[0,0,0]},"t":96,"s":[115,115,100]},{"i":{"x":[0.833,0.833,0.833],"y":[1,1,1]},"o":{"x":[0.167,0.167,0.167],"y":[0,0,0]},"t":102,"s":[90,90,100]},{"t":109,"s":[100,100,100]}],"ix":6,"l":2}},"ao":0,"shapes":[{"ty":"gr","it":[{"ind":0,"ty":"sh","ix":1,"ks":{"a":0,"k":{"i":[[0,0],[0.154,0.061],[0.031,0.077],[0,0],[0.06,0.033],[0,0],[-0.081,0.143],[-0.046,0.026],[0,0],[-0.025,0.063],[0,0],[-0.153,-0.06],[-0.03,-0.077],[0,0],[-0.059,-0.033],[0,0],[0.081,-0.143],[0.047,-0.026],[0,0],[0.026,-0.064]],"o":[[-0.061,0.153],[-0.076,-0.03],[0,0],[-0.025,-0.063],[0,0],[-0.142,-0.081],[0.026,-0.047],[0,0],[0.06,-0.033],[0,0],[0.061,-0.153],[0.076,0.03],[0,0],[0.026,0.063],[0,0],[0.143,0.081],[-0.026,0.047],[0,0],[-0.059,0.033],[0,0]],"v":[[0.277,8.23],[-0.11,8.398],[-0.277,8.23],[-2.344,2.959],[-2.476,2.809],[-6.99,0.261],[-7.102,-0.145],[-6.99,-0.257],[-2.476,-2.808],[-2.344,-2.958],[-0.277,-8.231],[0.11,-8.399],[0.277,-8.231],[2.345,-2.959],[2.476,-2.811],[6.99,-0.26],[7.102,0.146],[6.99,0.258],[2.476,2.808],[2.345,2.958]],"c":true},"ix":2},"nm":"Trazado 1","mn":"ADBE Vector Shape - Group","hd":false},{"ty":"fl","c":{"a":0,"k":[0.086000001197,0.086000001197,0.086000001197,1],"ix":4},"o":{"a":0,"k":100,"ix":5},"r":1,"bm":0,"nm":"Relleno 1","mn":"ADBE Vector Graphic - Fill","hd":false},{"ty":"tr","p":{"a":0,"k":[7.433,8.709],"ix":2},"a":{"a":0,"k":[0,0],"ix":1},"s":{"a":0,"k":[100,100],"ix":3},"r":{"a":0,"k":0,"ix":6},"o":{"a":0,"k":100,"ix":7},"sk":{"a":0,"k":0,"ix":4},"sa":{"a":0,"k":0,"ix":5},"nm":"Transformar"}],"nm":"Grupo 1","np":2,"cix":2,"bm":0,"ix":1,"mn":"ADBE Vector Group","hd":false}],"ip":0,"op":900,"st":0,"cp":true,"bm":0},{"ddd":0,"ind":4,"ty":4,"nm":"5 | Star contornos 2","sr":1,"ks":{"o":{"a":0,"k":100,"ix":11},"r":{"a":0,"k":0,"ix":10},"p":{"s":true,"x":{"a":0,"k":144.002,"ix":3},"y":{"a":1,"k":[{"i":{"x":[0.667],"y":[1]},"o":{"x":[0.333],"y":[0]},"t":8,"s":[157.509]},{"i":{"x":[0.667],"y":[1]},"o":{"x":[0.333],"y":[0]},"t":74,"s":[144.509]},{"i":{"x":[0.667],"y":[1]},"o":{"x":[0.333],"y":[0]},"t":146,"s":[149.509]},{"t":209,"s":[157.509]}],"ix":4}},"a":{"a":0,"k":[1.582,1.582,0],"ix":1,"l":2},"s":{"a":0,"k":[100,100,100],"ix":6,"l":2}},"ao":0,"shapes":[{"ty":"gr","it":[{"ind":0,"ty":"sh","ix":1,"ks":{"a":0,"k":{"i":[[0,0],[-0.099,-0.05],[-0.019,-0.037],[0,0],[-0.061,-0.011],[0,0],[0.022,-0.109],[0.025,-0.027],[0,0],[-0.007,-0.058],[0,0],[0.109,-0.013],[0.034,0.017],[0,0],[0.057,-0.03],[0,0],[0.05,0.098],[-0.004,0.038],[0,0],[0.039,0.043],[0,0],[-0.082,0.074],[-0.036,0.007],[0,0],[-0.028,0.054]],"o":[[0.051,-0.098],[0.037,0.02],[0,0],[0.028,0.054],[0,0],[0.109,0.021],[-0.007,0.036],[0,0],[-0.039,0.043],[0,0],[0.011,0.11],[-0.038,0.004],[0,0],[-0.058,-0.03],[0,0],[-0.099,0.049],[-0.017,-0.035],[0,0],[0.008,-0.059],[0,0],[-0.074,-0.082],[0.027,-0.025],[0,0],[0.061,-0.011],[0,0]],"v":[[-0.176,-1.195],[0.094,-1.282],[0.18,-1.195],[0.445,-0.676],[0.586,-0.572],[1.152,-0.464],[1.31,-0.229],[1.262,-0.133],[0.853,0.317],[0.803,0.476],[0.882,1.082],[0.704,1.303],[0.593,1.283],[0.093,1.03],[-0.089,1.03],[-0.589,1.283],[-0.858,1.194],[-0.878,1.082],[-0.798,0.478],[-0.848,0.318],[-1.258,-0.133],[-1.244,-0.415],[-1.148,-0.464],[-0.582,-0.572],[-0.441,-0.676]],"c":true},"ix":2},"nm":"Trazado 1","mn":"ADBE Vector Shape - Group","hd":false},{"ty":"fl","c":{"a":0,"k":[0.086000001197,0.086000001197,0.086000001197,1],"ix":4},"o":{"a":0,"k":100,"ix":5},"r":1,"bm":0,"nm":"Relleno 1","mn":"ADBE Vector Graphic - Fill","hd":false},{"ty":"tr","p":{"a":0,"k":[1.582,1.582],"ix":2},"a":{"a":0,"k":[0,0],"ix":1},"s":{"a":0,"k":[100,100],"ix":3},"r":{"a":0,"k":0,"ix":6},"o":{"a":0,"k":100,"ix":7},"sk":{"a":0,"k":0,"ix":4},"sa":{"a":0,"k":0,"ix":5},"nm":"Transformar"}],"nm":"Grupo 1","np":2,"cix":2,"bm":0,"ix":1,"mn":"ADBE Vector Group","hd":false}],"ip":0,"op":900,"st":0,"cp":true,"bm":0},{"ddd":0,"ind":5,"ty":4,"nm":"4 | Shiny star contornos 2","sr":1,"ks":{"o":{"a":0,"k":100,"ix":11},"r":{"a":0,"k":0,"ix":10},"p":{"s":true,"x":{"a":0,"k":126.283,"ix":3},"y":{"a":1,"k":[{"i":{"x":[0.057],"y":[1.075]},"o":{"x":[0.167],"y":[0]},"t":5,"s":[131.346]},{"i":{"x":[0.667],"y":[1]},"o":{"x":[0.167],"y":[0]},"t":14,"s":[128.346]},{"i":{"x":[0.667],"y":[1]},"o":{"x":[0.333],"y":[0]},"t":28,"s":[131.346]},{"i":{"x":[0.667],"y":[1]},"o":{"x":[0.333],"y":[0]},"t":47,"s":[128.346]},{"i":{"x":[0.667],"y":[1]},"o":{"x":[0.333],"y":[0]},"t":65,"s":[131.346]},{"i":{"x":[0.667],"y":[1]},"o":{"x":[0.333],"y":[0]},"t":85,"s":[131.346]},{"i":{"x":[0.667],"y":[1]},"o":{"x":[0.333],"y":[0]},"t":105,"s":[128.346]},{"i":{"x":[0.057],"y":[1.184]},"o":{"x":[0.333],"y":[0]},"t":121,"s":[131.346]},{"i":{"x":[0.667],"y":[1]},"o":{"x":[0.167],"y":[0]},"t":143,"s":[128.346]},{"i":{"x":[0.667],"y":[1]},"o":{"x":[0.333],"y":[0]},"t":163,"s":[131.346]},{"i":{"x":[0.667],"y":[1]},"o":{"x":[0.333],"y":[0]},"t":183,"s":[128.346]},{"i":{"x":[0.833],"y":[1]},"o":{"x":[0.333],"y":[0]},"t":194,"s":[131.346]},{"t":205,"s":[131.346]}],"ix":4,"x":"var $bm_rt;\n$bm_rt = loopOut('cycle', 0);"}},"a":{"a":0,"k":[19.805,23.145,0],"ix":1,"l":2},"s":{"a":1,"k":[{"i":{"x":[0.667,0.667,0.667],"y":[1,1,1]},"o":{"x":[0.333,0.333,0.333],"y":[0,0,0]},"t":19,"s":[100,100,100]},{"i":{"x":[0.667,0.667,0.667],"y":[1,1,1]},"o":{"x":[0.333,0.333,0.333],"y":[0,0,0]},"t":21,"s":[0,0,100]},{"i":{"x":[0.667,0.667,0.667],"y":[1,1,1]},"o":{"x":[0.333,0.333,0.333],"y":[0,0,0]},"t":24,"s":[115,115,100]},{"i":{"x":[0.833,0.833,0.833],"y":[1,1,1]},"o":{"x":[0.167,0.167,0.167],"y":[0,0,0]},"t":30,"s":[90,90,100]},{"i":{"x":[0.667,0.667,0.667],"y":[1,1,1]},"o":{"x":[0.167,0.167,0.167],"y":[0,0,0]},"t":37,"s":[100,100,100]},{"i":{"x":[0.667,0.667,0.667],"y":[1,1,1]},"o":{"x":[0.333,0.333,0.333],"y":[0,0,0]},"t":141,"s":[100,100,100]},{"i":{"x":[0.667,0.667,0.667],"y":[1,1,1]},"o":{"x":[0.333,0.333,0.333],"y":[0,0,0]},"t":143,"s":[0,0,100]},{"i":{"x":[0.667,0.667,0.667],"y":[1,1,1]},"o":{"x":[0.333,0.333,0.333],"y":[0,0,0]},"t":146,"s":[115,115,100]},{"i":{"x":[0.833,0.833,0.833],"y":[1,1,1]},"o":{"x":[0.167,0.167,0.167],"y":[0,0,0]},"t":152,"s":[90,90,100]},{"t":159,"s":[100,100,100]}],"ix":6,"l":2}},"ao":0,"shapes":[{"ty":"gr","it":[{"ind":0,"ty":"sh","ix":1,"ks":{"a":0,"k":{"i":[[0,0],[0.768,0.297],[0.151,0.391],[0,0],[0.296,0.17],[0,0],[-0.408,0.715],[-0.231,0.132],[0,0],[-0.123,0.319],[0,0],[-0.766,-0.297],[-0.151,-0.39],[0,0],[-0.297,-0.169],[0,0],[0.408,-0.714],[0.231,-0.132],[0,0],[0.123,-0.319]],"o":[[-0.298,0.767],[-0.39,-0.152],[0,0],[-0.123,-0.319],[0,0],[-0.715,-0.408],[0.132,-0.23],[0,0],[0.296,-0.17],[0,0],[0.297,-0.767],[0.391,0.152],[0,0],[0.123,0.319],[0,0],[0.715,0.408],[-0.132,0.23],[0,0],[-0.297,0.169],[0,0]],"v":[[1.389,21.747],[-0.54,22.598],[-1.39,21.747],[-6.484,8.603],[-7.133,7.848],[-18.592,1.293],[-19.146,-0.74],[-18.592,-1.293],[-7.133,-7.848],[-6.484,-8.603],[-1.39,-21.747],[0.536,-22.598],[1.389,-21.747],[6.483,-8.591],[7.132,-7.836],[18.592,-1.281],[19.146,0.752],[18.592,1.305],[7.132,7.86],[6.483,8.615]],"c":true},"ix":2},"nm":"Trazado 1","mn":"ADBE Vector Shape - Group","hd":false},{"ty":"fl","c":{"a":0,"k":[0.086000001197,0.086000001197,0.086000001197,1],"ix":4},"o":{"a":0,"k":100,"ix":5},"r":1,"bm":0,"nm":"Relleno 1","mn":"ADBE Vector Graphic - Fill","hd":false},{"ty":"tr","p":{"a":0,"k":[19.805,23.145],"ix":2},"a":{"a":0,"k":[0,0],"ix":1},"s":{"a":0,"k":[100,100],"ix":3},"r":{"a":0,"k":0,"ix":6},"o":{"a":0,"k":100,"ix":7},"sk":{"a":0,"k":0,"ix":4},"sa":{"a":0,"k":0,"ix":5},"nm":"Transformar"}],"nm":"Grupo 1","np":2,"cix":2,"bm":0,"ix":1,"mn":"ADBE Vector Group","hd":false}],"ip":0,"op":900,"st":0,"cp":true,"bm":0},{"ddd":0,"ind":6,"ty":4,"nm":"3 | Dott contornos 2","sr":1,"ks":{"o":{"a":0,"k":100,"ix":11},"r":{"a":0,"k":0,"ix":10},"p":{"s":true,"x":{"a":0,"k":105.624,"ix":3},"y":{"a":1,"k":[{"i":{"x":[0.365],"y":[1]},"o":{"x":[0.515],"y":[0]},"t":0,"s":[147.701]},{"i":{"x":[0.338],"y":[1]},"o":{"x":[0.636],"y":[0]},"t":24,"s":[139.701]},{"i":{"x":[0.667],"y":[1]},"o":{"x":[0.612],"y":[0]},"t":49,"s":[152.701]},{"i":{"x":[1],"y":[1]},"o":{"x":[0.333],"y":[0]},"t":86,"s":[147.701]},{"i":{"x":[0.365],"y":[1]},"o":{"x":[0.515],"y":[0]},"t":111,"s":[147.701]},{"i":{"x":[0.338],"y":[1]},"o":{"x":[0.636],"y":[0]},"t":158,"s":[139.701]},{"i":{"x":[1],"y":[1]},"o":{"x":[0.612],"y":[0]},"t":183,"s":[152.701]},{"t":209,"s":[147.701]}],"ix":4}},"a":{"a":0,"k":[0.622,0.623,0],"ix":1,"l":2},"s":{"a":0,"k":[100,100,100],"ix":6,"l":2}},"ao":0,"shapes":[{"ty":"gr","it":[{"ind":0,"ty":"sh","ix":1,"ks":{"a":0,"k":{"i":[[-0.205,0],[0,-0.206],[0.206,0],[0,0.205]],"o":[[0.206,0],[0,0.205],[-0.205,0],[0,-0.206]],"v":[[0,-0.373],[0.372,0.001],[0,0.373],[-0.372,0.001]],"c":true},"ix":2},"nm":"Trazado 1","mn":"ADBE Vector Shape - Group","hd":false},{"ty":"fl","c":{"a":0,"k":[0.086000001197,0.086000001197,0.086000001197,1],"ix":4},"o":{"a":0,"k":100,"ix":5},"r":1,"bm":0,"nm":"Relleno 1","mn":"ADBE Vector Graphic - Fill","hd":false},{"ty":"tr","p":{"a":0,"k":[0.622,0.623],"ix":2},"a":{"a":0,"k":[0,0],"ix":1},"s":{"a":0,"k":[100,100],"ix":3},"r":{"a":0,"k":0,"ix":6},"o":{"a":0,"k":100,"ix":7},"sk":{"a":0,"k":0,"ix":4},"sa":{"a":0,"k":0,"ix":5},"nm":"Transformar"}],"nm":"Grupo 1","np":2,"cix":2,"bm":0,"ix":1,"mn":"ADBE Vector Group","hd":false}],"ip":0,"op":900,"st":0,"cp":true,"bm":0},{"ddd":0,"ind":7,"ty":4,"nm":"2 | Dott contornos 2","sr":1,"ks":{"o":{"a":0,"k":100,"ix":11},"r":{"a":0,"k":0,"ix":10},"p":{"s":true,"x":{"a":0,"k":97.058,"ix":3},"y":{"a":1,"k":[{"i":{"x":[0.667],"y":[1]},"o":{"x":[0.333],"y":[0]},"t":0,"s":[143.605]},{"i":{"x":[0.581],"y":[1]},"o":{"x":[0.708],"y":[0]},"t":37,"s":[145.605]},{"i":{"x":[0.667],"y":[1]},"o":{"x":[0.738],"y":[0]},"t":78,"s":[137.605]},{"i":{"x":[0.581],"y":[1]},"o":{"x":[0.708],"y":[0]},"t":123,"s":[145.605]},{"i":{"x":[0.667],"y":[1]},"o":{"x":[0.738],"y":[0]},"t":170,"s":[137.605]},{"t":209,"s":[143.605]}],"ix":4}},"a":{"a":0,"k":[0.994,0.995,0],"ix":1,"l":2},"s":{"a":0,"k":[100,100,100],"ix":6,"l":2}},"ao":0,"shapes":[{"ty":"gr","it":[{"ind":0,"ty":"sh","ix":1,"ks":{"a":0,"k":{"i":[[-0.412,0],[0,-0.412],[0.411,0],[0,0.411]],"o":[[0.411,0],[0,0.411],[-0.412,0],[0,-0.412]],"v":[[0.001,-0.745],[0.745,0],[0.001,0.745],[-0.745,0]],"c":true},"ix":2},"nm":"Trazado 1","mn":"ADBE Vector Shape - Group","hd":false},{"ty":"fl","c":{"a":0,"k":[0.086000001197,0.086000001197,0.086000001197,1],"ix":4},"o":{"a":0,"k":100,"ix":5},"r":1,"bm":0,"nm":"Relleno 1","mn":"ADBE Vector Graphic - Fill","hd":false},{"ty":"tr","p":{"a":0,"k":[0.994,0.995],"ix":2},"a":{"a":0,"k":[0,0],"ix":1},"s":{"a":0,"k":[100,100],"ix":3},"r":{"a":0,"k":0,"ix":6},"o":{"a":0,"k":100,"ix":7},"sk":{"a":0,"k":0,"ix":4},"sa":{"a":0,"k":0,"ix":5},"nm":"Transformar"}],"nm":"Grupo 1","np":2,"cix":2,"bm":0,"ix":1,"mn":"ADBE Vector Group","hd":false}],"ip":0,"op":900,"st":0,"cp":true,"bm":0},{"ddd":0,"ind":8,"ty":4,"nm":"1 | Star contornos 2","sr":1,"ks":{"o":{"a":0,"k":100,"ix":11},"r":{"a":0,"k":0,"ix":10},"p":{"s":true,"x":{"a":0,"k":85.783,"ix":3},"y":{"a":1,"k":[{"i":{"x":[0.217],"y":[1]},"o":{"x":[0.676],"y":[0]},"t":0,"s":[123.846]},{"i":{"x":[0.471],"y":[1]},"o":{"x":[0.63],"y":[0]},"t":13,"s":[118.846]},{"i":{"x":[0.136],"y":[1]},"o":{"x":[0.581],"y":[0]},"t":27,"s":[127.846]},{"i":{"x":[0.322],"y":[1]},"o":{"x":[0.61],"y":[0]},"t":46,"s":[121.846]},{"i":{"x":[0.667],"y":[1]},"o":{"x":[0.333],"y":[0]},"t":75,"s":[130.846]},{"i":{"x":[0.217],"y":[1]},"o":{"x":[0.676],"y":[0]},"t":95,"s":[123.846]},{"i":{"x":[0.471],"y":[1]},"o":{"x":[0.63],"y":[0]},"t":127,"s":[118.846]},{"i":{"x":[0.136],"y":[1]},"o":{"x":[0.581],"y":[0]},"t":141,"s":[127.846]},{"i":{"x":[0.322],"y":[1]},"o":{"x":[0.61],"y":[0]},"t":160,"s":[121.846]},{"i":{"x":[0.667],"y":[1]},"o":{"x":[0.333],"y":[0]},"t":189,"s":[130.846]},{"t":209,"s":[123.846]}],"ix":4}},"a":{"a":0,"k":[2.234,2.234,0],"ix":1,"l":2},"s":{"a":0,"k":[100,100,100],"ix":6,"l":2}},"ao":0,"shapes":[{"ty":"gr","it":[{"ind":0,"ty":"sh","ix":1,"ks":{"a":0,"k":{"i":[[0,0],[-0.146,-0.076],[-0.028,-0.056],[0,0],[-0.09,-0.017],[0,0],[0.03,-0.162],[0.036,-0.04],[0,0],[-0.011,-0.086],[0,0],[0.163,-0.017],[0.05,0.026],[0,0],[0.084,-0.043],[0,0],[0.075,0.147],[-0.006,0.057],[0,0],[0.059,0.065],[0,0],[-0.122,0.111],[-0.054,0.01],[0,0],[-0.042,0.083]],"o":[[0.075,-0.146],[0.056,0.028],[0,0],[0.042,0.083],[0,0],[0.161,0.031],[-0.011,0.054],[0,0],[-0.058,0.064],[0,0],[0.019,0.164],[-0.058,0.007],[0,0],[-0.085,-0.043],[0,0],[-0.147,0.074],[-0.025,-0.051],[0,0],[0.012,-0.087],[0,0],[-0.111,-0.122],[0.04,-0.036],[0,0],[0.089,-0.017],[0,0]],"v":[[-0.261,-1.78],[0.14,-1.909],[0.269,-1.78],[0.664,-1.008],[0.874,-0.852],[1.718,-0.69],[1.954,-0.341],[1.882,-0.198],[1.272,0.471],[1.197,0.71],[1.313,1.613],[1.05,1.94],[0.884,1.91],[0.138,1.534],[-0.131,1.534],[-0.876,1.91],[-1.277,1.779],[-1.307,1.613],[-1.188,0.712],[-1.262,0.473],[-1.873,-0.198],[-1.853,-0.618],[-1.709,-0.69],[-0.865,-0.852],[-0.656,-1.008]],"c":true},"ix":2},"nm":"Trazado 1","mn":"ADBE Vector Shape - Group","hd":false},{"ty":"fl","c":{"a":0,"k":[0.086000001197,0.086000001197,0.086000001197,1],"ix":4},"o":{"a":0,"k":100,"ix":5},"r":1,"bm":0,"nm":"Relleno 1","mn":"ADBE Vector Graphic - Fill","hd":false},{"ty":"tr","p":{"a":0,"k":[2.234,2.234],"ix":2},"a":{"a":0,"k":[0,0],"ix":1},"s":{"a":0,"k":[100,100],"ix":3},"r":{"a":0,"k":0,"ix":6},"o":{"a":0,"k":100,"ix":7},"sk":{"a":0,"k":0,"ix":4},"sa":{"a":0,"k":0,"ix":5},"nm":"Transformar"}],"nm":"Grupo 1","np":2,"cix":2,"bm":0,"ix":1,"mn":"ADBE Vector Group","hd":false}],"ip":0,"op":900,"st":0,"cp":true,"bm":0},{"ddd":0,"ind":9,"ty":4,"nm":"Layer 28 contornos","sr":1,"ks":{"o":{"a":0,"k":100,"ix":11},"r":{"a":0,"k":0,"ix":10},"p":{"a":0,"k":[188.533,220.846,0],"ix":2,"l":2},"a":{"a":0,"k":[188.533,220.846,0],"ix":1,"l":2},"s":{"a":0,"k":[100,100,100],"ix":6,"l":2}},"ao":0,"shapes":[{"ty":"gr","it":[{"ind":0,"ty":"sh","ix":1,"ks":{"a":0,"k":{"i":[[0,0],[-2.268,-1.916],[-3.05,3.783],[2.299,4.281],[6.636,-1.982],[-0.605,-6.899],[-4.129,-5.729],[-0.214,-5.828],[5.3,-6.547],[0,-1.387]],"o":[[-2.101,2.098],[3.711,3.136],[3.049,-3.782],[-3.276,-6.102],[-6.636,1.98],[0.617,7.034],[3.409,4.731],[0.171,4.645],[-5.317,6.568],[0,0]],"v":[[0.555,-25.252],[1.645,-17.409],[14.612,-19.132],[15.394,-32.865],[-2.327,-40.232],[-13.11,-24.356],[-3.099,-6.022],[3.37,9.958],[-3.253,30.321],[-17.693,42.214]],"c":false},"ix":2},"nm":"Trazado 1","mn":"ADBE Vector Shape - Group","hd":false},{"ty":"st","c":{"a":0,"k":[0,0,0,1],"ix":3},"o":{"a":0,"k":100,"ix":4},"w":{"a":0,"k":2,"ix":5},"lc":2,"lj":1,"ml":10,"bm":0,"nm":"Trazo 1","mn":"ADBE Vector Graphic - Stroke","hd":false},{"ty":"tr","p":{"a":0,"k":[216.286,209.802],"ix":2},"a":{"a":0,"k":[0,0],"ix":1},"s":{"a":0,"k":[100,100],"ix":3},"r":{"a":0,"k":0,"ix":6},"o":{"a":0,"k":100,"ix":7},"sk":{"a":0,"k":0,"ix":4},"sa":{"a":0,"k":0,"ix":5},"nm":"Transformar"}],"nm":"Grupo 1","np":2,"cix":2,"bm":0,"ix":1,"mn":"ADBE Vector Group","hd":false},{"ty":"tm","s":{"a":1,"k":[{"i":{"x":[0.667],"y":[1]},"o":{"x":[0.333],"y":[0]},"t":0,"s":[100]},{"t":135,"s":[0]}],"ix":1},"e":{"a":0,"k":100,"ix":2},"o":{"a":0,"k":0,"ix":3},"m":1,"ix":2,"nm":"Recortar trazados 1","mn":"ADBE Vector Filter - Trim","hd":false}],"ip":0,"op":900,"st":0,"cp":true,"bm":0},{"ddd":0,"ind":10,"ty":4,"nm":"Layer 27 contornos","sr":1,"ks":{"o":{"a":0,"k":100,"ix":11},"r":{"a":0,"k":0,"ix":10},"p":{"a":1,"k":[{"i":{"x":0.667,"y":1},"o":{"x":0.333,"y":0},"t":10,"s":[188.533,226.846,0],"to":[0,-1.333,0],"ti":[0,0,0]},{"i":{"x":0.667,"y":1},"o":{"x":0.333,"y":0},"t":49,"s":[188.533,218.846,0],"to":[0,0,0],"ti":[0,-0.5,0]},{"i":{"x":0.667,"y":1},"o":{"x":0.333,"y":0},"t":105,"s":[188.533,226.846,0],"to":[0,0.5,0],"ti":[0,0,0]},{"i":{"x":0.667,"y":1},"o":{"x":0.333,"y":0},"t":154,"s":[188.533,221.846,0],"to":[0,0,0],"ti":[0,-0.833,0]},{"t":209,"s":[188.533,226.846,0]}],"ix":2,"l":2},"a":{"a":0,"k":[188.533,220.846,0],"ix":1,"l":2},"s":{"a":0,"k":[100,100,100],"ix":6,"l":2}},"ao":0,"shapes":[{"ty":"gr","it":[{"ind":0,"ty":"sh","ix":1,"ks":{"a":0,"k":{"i":[[0,0],[-0.989,4.998],[-4.281,2.764],[0,8.835],[12.874,-0.287]],"o":[[-4.883,-1.456],[0.988,-4.999],[4.28,-2.763],[0,-12.877],[0,0]],"v":[[1.549,25.691],[-4.94,13.364],[4.099,1.55],[18.976,-12.814],[-18.977,-24.82]],"c":false},"ix":2},"nm":"Trazado 1","mn":"ADBE Vector Shape - Group","hd":false},{"ty":"st","c":{"a":0,"k":[0,0,0,1],"ix":3},"o":{"a":0,"k":100,"ix":4},"w":{"a":0,"k":2,"ix":5},"lc":2,"lj":1,"ml":10,"bm":0,"nm":"Trazo 1","mn":"ADBE Vector Graphic - Stroke","hd":false},{"ty":"tr","p":{"a":0,"k":[155.88,229.333],"ix":2},"a":{"a":0,"k":[0,0],"ix":1},"s":{"a":0,"k":[100,100],"ix":3},"r":{"a":0,"k":0,"ix":6},"o":{"a":0,"k":100,"ix":7},"sk":{"a":0,"k":0,"ix":4},"sa":{"a":0,"k":0,"ix":5},"nm":"Transformar"}],"nm":"Grupo 1","np":2,"cix":2,"bm":0,"ix":1,"mn":"ADBE Vector Group","hd":false}],"ip":0,"op":900,"st":0,"cp":true,"bm":0},{"ddd":0,"ind":11,"ty":4,"nm":"Layer 26 contornos","sr":1,"ks":{"o":{"a":0,"k":100,"ix":11},"r":{"a":0,"k":0,"ix":10},"p":{"a":1,"k":[{"i":{"x":0.667,"y":1},"o":{"x":0.333,"y":0},"t":0,"s":[188.533,220.846,0],"to":[0,-1.667,0],"ti":[0,0,0]},{"i":{"x":0.667,"y":1},"o":{"x":0.333,"y":0},"t":76,"s":[188.533,210.846,0],"to":[0,0,0],"ti":[0,-1.667,0]},{"t":174,"s":[188.533,220.846,0]}],"ix":2,"l":2},"a":{"a":0,"k":[188.533,220.846,0],"ix":1,"l":2},"s":{"a":0,"k":[100,100,100],"ix":6,"l":2}},"ao":0,"shapes":[{"ty":"gr","it":[{"ind":0,"ty":"sh","ix":1,"ks":{"a":0,"k":{"i":[[0,0],[-6.461,-7.67],[-9.339,-3.654],[-28.491,-4.288],[-8.151,-4.057],[-2.467,-5.778],[6.415,-8.738],[-4.739,-10.642]],"o":[[-1.864,9.853],[6.46,7.67],[26.832,10.497],[9.003,1.355],[5.624,2.8],[4.256,9.97],[-6.416,8.739],[0,0]],"v":[[-80.117,-66.012],[-71.811,-38.117],[-47.061,-21.572],[38.087,-8.432],[64.261,-1.025],[77.726,11.591],[69.955,41.632],[66.717,66.012]],"c":false},"ix":2},"nm":"Trazado 1","mn":"ADBE Vector Shape - Group","hd":false},{"ty":"st","c":{"a":0,"k":[0,0,0,1],"ix":3},"o":{"a":0,"k":100,"ix":4},"w":{"a":0,"k":2,"ix":5},"lc":2,"lj":1,"ml":10,"bm":0,"nm":"Trazo 1","mn":"ADBE Vector Graphic - Stroke","hd":false},{"ty":"tr","p":{"a":0,"k":[115.525,199.654],"ix":2},"a":{"a":0,"k":[0,0],"ix":1},"s":{"a":0,"k":[100,100],"ix":3},"r":{"a":0,"k":0,"ix":6},"o":{"a":0,"k":100,"ix":7},"sk":{"a":0,"k":0,"ix":4},"sa":{"a":0,"k":0,"ix":5},"nm":"Transformar"}],"nm":"Grupo 1","np":2,"cix":2,"bm":0,"ix":1,"mn":"ADBE Vector Group","hd":false}],"ip":0,"op":900,"st":0,"cp":true,"bm":0},{"ddd":0,"ind":12,"ty":4,"nm":"Layer 25 contornos","sr":1,"ks":{"o":{"a":0,"k":100,"ix":11},"r":{"a":0,"k":0,"ix":10},"p":{"a":0,"k":[188.533,220.846,0],"ix":2,"l":2},"a":{"a":0,"k":[188.533,220.846,0],"ix":1,"l":2},"s":{"a":0,"k":[100,100,100],"ix":6,"l":2}},"ao":0,"shapes":[{"ty":"gr","it":[{"ind":0,"ty":"sh","ix":1,"ks":{"a":0,"k":{"i":[[0,0],[-10.625,-25.426],[-16.766,-12.313],[-8.219,-2.065],[-6.491,0],[-11.643,0],[0,0],[0,0]],"o":[[15.433,22.829],[8.02,19.193],[7.209,5.295],[0,0],[0,0],[9.585,0],[6.492,0],[0,0]],"v":[[-80.273,-70.764],[-41.057,1.856],[-5.722,51.595],[16.432,62.193],[29.355,69.841],[49.399,70.764],[67.794,69.841],[80.273,61.402]],"c":false},"ix":2},"nm":"Trazado 1","mn":"ADBE Vector Shape - Group","hd":false},{"ty":"st","c":{"a":0,"k":[0,0,0,1],"ix":3},"o":{"a":0,"k":100,"ix":4},"w":{"a":0,"k":2,"ix":5},"lc":2,"lj":1,"ml":10,"bm":0,"nm":"Trazo 1","mn":"ADBE Vector Graphic - Stroke","hd":false},{"ty":"tr","p":{"a":0,"k":[150.777,350.282],"ix":2},"a":{"a":0,"k":[0,0],"ix":1},"s":{"a":0,"k":[100,100],"ix":3},"r":{"a":0,"k":0,"ix":6},"o":{"a":0,"k":100,"ix":7},"sk":{"a":0,"k":0,"ix":4},"sa":{"a":0,"k":0,"ix":5},"nm":"Transformar"}],"nm":"Grupo 1","np":2,"cix":2,"bm":0,"ix":1,"mn":"ADBE Vector Group","hd":false}],"ip":0,"op":900,"st":0,"cp":true,"bm":0},{"ddd":0,"ind":13,"ty":4,"nm":"Layer 24 contornos","sr":1,"ks":{"o":{"a":0,"k":100,"ix":11},"r":{"a":0,"k":0,"ix":10},"p":{"a":0,"k":[188.533,220.846,0],"ix":2,"l":2},"a":{"a":0,"k":[188.533,220.846,0],"ix":1,"l":2},"s":{"a":0,"k":[100,100,100],"ix":6,"l":2}},"ao":0,"shapes":[{"ty":"gr","it":[{"ind":0,"ty":"sh","ix":1,"ks":{"a":0,"k":{"i":[[0,0],[12.207,-3.036],[0.675,-1.185],[-2.811,-0.876],[-10.709,-1.477],[-27.324,2.206],[-23.797,-1.324],[-15.94,7.87],[54.182,1.311],[0,0]],"o":[[-12.277,2.738],[-1.325,0.33],[-1.458,2.559],[10.321,3.216],[27.156,3.745],[23.757,-1.916],[17.75,0.987],[0,0],[-54.183,-1.311],[0,0]],"v":[[-99.785,-15.134],[-136.512,-6.471],[-139.978,-4.521],[-135.201,1.452],[-103.406,7.635],[-21.51,12.928],[49.54,5.925],[102.111,4.127],[87.254,-13.009],[34.992,-11.874]],"c":false},"ix":2},"nm":"Trazado 1","mn":"ADBE Vector Shape - Group","hd":false},{"ty":"st","c":{"a":0,"k":[0,0,0,1],"ix":3},"o":{"a":0,"k":100,"ix":4},"w":{"a":0,"k":2,"ix":5},"lc":2,"lj":1,"ml":10,"bm":0,"nm":"Trazo 1","mn":"ADBE Vector Graphic - Stroke","hd":false},{"ty":"tr","p":{"a":0,"k":[207.248,271.148],"ix":2},"a":{"a":0,"k":[0,0],"ix":1},"s":{"a":0,"k":[100,100],"ix":3},"r":{"a":0,"k":0,"ix":6},"o":{"a":0,"k":100,"ix":7},"sk":{"a":0,"k":0,"ix":4},"sa":{"a":0,"k":0,"ix":5},"nm":"Transformar"}],"nm":"Grupo 2","np":2,"cix":2,"bm":0,"ix":1,"mn":"ADBE Vector Group","hd":false},{"ty":"tm","s":{"a":0,"k":0,"ix":1},"e":{"a":1,"k":[{"i":{"x":[0.667],"y":[1]},"o":{"x":[0.333],"y":[0]},"t":0,"s":[0]},{"t":64,"s":[100]}],"ix":2},"o":{"a":0,"k":0,"ix":3},"m":1,"ix":2,"nm":"Recortar trazados 1","mn":"ADBE Vector Filter - Trim","hd":false},{"ty":"gr","it":[{"ind":0,"ty":"sh","ix":1,"ks":{"a":0,"k":{"i":[[0,0],[-14.22,8.271],[-3.593,3.924],[-2.898,5.787],[-6.688,7.902],[-3.634,2.694],[-8.844,-1.672],[-2.097,-8.597],[8.287,-8.49],[18.66,-10.528],[1.046,-8.877]],"o":[[16.518,-1.126],[4.599,-2.675],[4.372,-4.772],[8.217,-16.409],[2.923,-3.453],[6.618,-4.903],[3.017,0.57],[2.812,11.525],[-14.966,15.33],[-7.785,4.393],[0,0]],"v":[[-76.161,71.056],[-37.195,58.639],[-24.63,48.896],[-14.262,32.558],[24.723,-51.239],[34.238,-60.872],[57.22,-69.383],[73.349,-58.564],[63.771,-19.467],[10.568,10.677],[-5.39,30.981]],"c":false},"ix":2},"nm":"Trazado 1","mn":"ADBE Vector Shape - Group","hd":false},{"ty":"st","c":{"a":0,"k":[0,0,0,1],"ix":3},"o":{"a":0,"k":100,"ix":4},"w":{"a":0,"k":2,"ix":5},"lc":2,"lj":1,"ml":10,"bm":0,"nm":"Trazo 1","mn":"ADBE Vector Graphic - Stroke","hd":false},{"ty":"tr","p":{"a":0,"k":[294.324,341.67],"ix":2},"a":{"a":0,"k":[0,0],"ix":1},"s":{"a":0,"k":[100,100],"ix":3},"r":{"a":0,"k":0,"ix":6},"o":{"a":0,"k":100,"ix":7},"sk":{"a":0,"k":0,"ix":4},"sa":{"a":0,"k":0,"ix":5},"nm":"Transformar"}],"nm":"Grupo 1","np":2,"cix":2,"bm":0,"ix":3,"mn":"ADBE Vector Group","hd":false},{"ty":"tm","s":{"a":0,"k":0,"ix":1},"e":{"a":1,"k":[{"i":{"x":[0.667],"y":[1]},"o":{"x":[0.333],"y":[0]},"t":2,"s":[0]},{"t":90,"s":[100]}],"ix":2},"o":{"a":0,"k":0,"ix":3},"m":1,"ix":4,"nm":"Recortar trazados 2","mn":"ADBE Vector Filter - Trim","hd":false}],"ip":0,"op":900,"st":0,"cp":true,"bm":0},{"ddd":0,"ind":14,"ty":4,"nm":"Line contornos","sr":1,"ks":{"o":{"a":0,"k":100,"ix":11},"r":{"a":0,"k":0,"ix":10},"p":{"a":1,"k":[{"i":{"x":0.667,"y":1},"o":{"x":0.333,"y":0},"t":10,"s":[188.533,220.846,0],"to":[1.667,-1,0],"ti":[0,0,0]},{"i":{"x":0.667,"y":1},"o":{"x":0.333,"y":0},"t":89,"s":[198.533,214.846,0],"to":[0,0,0],"ti":[1.667,-1,0]},{"t":208,"s":[188.533,220.846,0]}],"ix":2,"l":2},"a":{"a":0,"k":[188.533,220.846,0],"ix":1,"l":2},"s":{"a":0,"k":[100,100,100],"ix":6,"l":2}},"ao":0,"shapes":[{"ty":"gr","it":[{"ind":0,"ty":"sh","ix":1,"ks":{"a":0,"k":{"i":[[0,0],[-12.081,1.2],[-20.228,8.91],[-21.31,2.207],[-10.47,-8.069],[-5.784,-11.885],[2.564,-7.329],[4.232,-3.021],[11.583,0.418]],"o":[[6.194,-10.442],[21.995,-2.185],[19.607,-8.636],[13.148,-1.361],[10.469,8.07],[3.398,6.983],[-1.717,4.908],[-9.434,6.734],[0,0]],"v":[[-110.732,10.484],[-78.9,-4.175],[-13.8,-14.899],[43.541,-42.813],[80.497,-31.305],[104.549,-0.222],[108.168,22.16],[98.309,33.926],[65.602,43.756]],"c":false},"ix":2},"nm":"Trazado 1","mn":"ADBE Vector Shape - Group","hd":false},{"ty":"st","c":{"a":0,"k":[0,0,0,1],"ix":3},"o":{"a":0,"k":100,"ix":4},"w":{"a":0,"k":2,"ix":5},"lc":2,"lj":1,"ml":10,"bm":0,"nm":"Trazo 1","mn":"ADBE Vector Graphic - Stroke","hd":false},{"ty":"tr","p":{"a":0,"k":[142.508,107.213],"ix":2},"a":{"a":0,"k":[0,0],"ix":1},"s":{"a":0,"k":[100,100],"ix":3},"r":{"a":0,"k":0,"ix":6},"o":{"a":0,"k":100,"ix":7},"sk":{"a":0,"k":0,"ix":4},"sa":{"a":0,"k":0,"ix":5},"nm":"Transformar"}],"nm":"Grupo 1","np":2,"cix":2,"bm":0,"ix":1,"mn":"ADBE Vector Group","hd":false}],"ip":0,"op":900,"st":0,"cp":true,"bm":0},{"ddd":0,"ind":15,"ty":4,"nm":"Line top contornos","sr":1,"ks":{"o":{"a":0,"k":100,"ix":11},"r":{"a":0,"k":0,"ix":10},"p":{"a":0,"k":[188.533,220.846,0],"ix":2,"l":2},"a":{"a":0,"k":[188.533,220.846,0],"ix":1,"l":2},"s":{"a":0,"k":[100,100,100],"ix":6,"l":2}},"ao":0,"shapes":[{"ty":"gr","it":[{"ind":0,"ty":"sh","ix":1,"ks":{"a":0,"k":{"i":[[0,0],[-16.996,7.624],[-26.872,4.777]],"o":[[18.444,2.6],[24.902,-11.171],[0,0]],"v":[[-63.461,21.267],[-8.859,13.525],[63.461,-23.867]],"c":false},"ix":2},"nm":"Trazado 1","mn":"ADBE Vector Shape - Group","hd":false},{"ty":"st","c":{"a":0,"k":[0,0,0,1],"ix":3},"o":{"a":0,"k":100,"ix":4},"w":{"a":0,"k":2,"ix":5},"lc":2,"lj":1,"ml":10,"bm":0,"nm":"Trazo 1","mn":"ADBE Vector Graphic - Stroke","hd":false},{"ty":"tr","p":{"a":0,"k":[100.692,65.661],"ix":2},"a":{"a":0,"k":[0,0],"ix":1},"s":{"a":0,"k":[100,100],"ix":3},"r":{"a":0,"k":0,"ix":6},"o":{"a":0,"k":100,"ix":7},"sk":{"a":0,"k":0,"ix":4},"sa":{"a":0,"k":0,"ix":5},"nm":"Transformar"}],"nm":"Grupo 1","np":2,"cix":2,"bm":0,"ix":1,"mn":"ADBE Vector Group","hd":false},{"ty":"tm","s":{"a":0,"k":0,"ix":1},"e":{"a":1,"k":[{"i":{"x":[0.667],"y":[1]},"o":{"x":[0.333],"y":[0]},"t":3,"s":[0]},{"t":59,"s":[100]}],"ix":2},"o":{"a":0,"k":0,"ix":3},"m":1,"ix":2,"nm":"Recortar trazados 1","mn":"ADBE Vector Filter - Trim","hd":false}],"ip":0,"op":900,"st":0,"cp":true,"bm":0},{"ddd":0,"ind":16,"ty":4,"nm":"Plato line 2 contornos 2","sr":1,"ks":{"o":{"a":0,"k":100,"ix":11},"r":{"a":0,"k":0,"ix":10},"p":{"a":0,"k":[188.533,220.846,0],"ix":2,"l":2},"a":{"a":0,"k":[188.533,220.846,0],"ix":1,"l":2},"s":{"a":0,"k":[100,100,100],"ix":6,"l":2}},"ao":0,"shapes":[{"ty":"gr","it":[{"ind":0,"ty":"sh","ix":1,"ks":{"a":0,"k":{"i":[[0,0],[-2.486,-0.607],[-4.69,-1.079],[-13.637,-2.607],[-28.804,1.637],[-25.925,7.154],[-1.925,7.069],[0.394,1.017],[1.902,0.596],[9.492,1.486]],"o":[[0.886,2.4],[4.676,1.139],[13.531,3.114],[28.337,5.418],[26.851,-1.525],[7.062,-1.949],[0.288,-1.051],[-0.718,-1.86],[-9.183,-2.875],[0,0]],"v":[[-121.777,-4.537],[-115.56,-0.607],[-101.513,2.721],[-60.756,11.303],[25.189,19.417],[104.236,4.058],[121.371,-7.996],[121.383,-11.21],[116.644,-14.502],[87.668,-21.055]],"c":false},"ix":2},"nm":"Trazado 1","mn":"ADBE Vector Shape - Group","hd":false},{"ty":"st","c":{"a":0,"k":[0,0,0,1],"ix":3},"o":{"a":0,"k":100,"ix":4},"w":{"a":0,"k":2,"ix":5},"lc":2,"lj":1,"ml":10,"bm":0,"nm":"Trazo 1","mn":"ADBE Vector Graphic - Stroke","hd":false},{"ty":"tr","p":{"a":0,"k":[188.143,417.452],"ix":2},"a":{"a":0,"k":[0,0],"ix":1},"s":{"a":0,"k":[100,100],"ix":3},"r":{"a":0,"k":0,"ix":6},"o":{"a":0,"k":100,"ix":7},"sk":{"a":0,"k":0,"ix":4},"sa":{"a":0,"k":0,"ix":5},"nm":"Transformar"}],"nm":"Grupo 1","np":2,"cix":2,"bm":0,"ix":1,"mn":"ADBE Vector Group","hd":false},{"ty":"tm","s":{"a":0,"k":0,"ix":1},"e":{"a":1,"k":[{"i":{"x":[0.667],"y":[1]},"o":{"x":[0.333],"y":[0]},"t":11,"s":[0]},{"t":97,"s":[100]}],"ix":2},"o":{"a":0,"k":0,"ix":3},"m":1,"ix":2,"nm":"Recortar trazados 1","mn":"ADBE Vector Filter - Trim","hd":false}],"ip":0,"op":900,"st":0,"cp":true,"bm":0},{"ddd":0,"ind":17,"ty":4,"nm":"Planto line 3 contornos","sr":1,"ks":{"o":{"a":0,"k":100,"ix":11},"r":{"a":0,"k":0,"ix":10},"p":{"a":0,"k":[188.533,220.846,0],"ix":2,"l":2},"a":{"a":0,"k":[188.533,220.846,0],"ix":1,"l":2},"s":{"a":0,"k":[100,100,100],"ix":6,"l":2}},"ao":0,"shapes":[{"ty":"gr","it":[{"ind":0,"ty":"sh","ix":1,"ks":{"a":0,"k":{"i":[[0,0],[-1.014,-2.629],[-2.178,-0.906],[-17.274,-0.947],[-16.733,6.599],[1.366,3.052],[2.024,0.1],[4.22,-0.792]],"o":[[-2.36,1.539],[0.849,2.201],[14.707,6.112],[17.96,0.985],[3.111,-1.228],[-0.828,-1.85],[-5.689,-0.28],[0,0]],"v":[[-78.449,-13.234],[-81.417,-6.009],[-76.066,-1.691],[-1.483,12.25],[69.639,2.812],[81.065,-7.069],[72.956,-8.453],[57.594,-6.542]],"c":false},"ix":2},"nm":"Trazado 1","mn":"ADBE Vector Shape - Group","hd":false},{"ty":"st","c":{"a":0,"k":[0,0,0,1],"ix":3},"o":{"a":0,"k":100,"ix":4},"w":{"a":0,"k":2,"ix":5},"lc":2,"lj":1,"ml":10,"bm":0,"nm":"Trazo 1","mn":"ADBE Vector Graphic - Stroke","hd":false},{"ty":"tr","p":{"a":0,"k":[195.297,415.112],"ix":2},"a":{"a":0,"k":[0,0],"ix":1},"s":{"a":0,"k":[100,100],"ix":3},"r":{"a":0,"k":0,"ix":6},"o":{"a":0,"k":100,"ix":7},"sk":{"a":0,"k":0,"ix":4},"sa":{"a":0,"k":0,"ix":5},"nm":"Transformar"}],"nm":"Grupo 1","np":2,"cix":2,"bm":0,"ix":1,"mn":"ADBE Vector Group","hd":false}],"ip":0,"op":900,"st":0,"cp":true,"bm":0},{"ddd":0,"ind":18,"ty":4,"nm":"Plato contornos","sr":1,"ks":{"o":{"a":0,"k":100,"ix":11},"r":{"a":0,"k":0,"ix":10},"p":{"a":0,"k":[188.533,220.846,0],"ix":2,"l":2},"a":{"a":0,"k":[188.533,220.846,0],"ix":1,"l":2},"s":{"a":0,"k":[100,100,100],"ix":6,"l":2}},"ao":0,"shapes":[{"ty":"gr","it":[{"ind":0,"ty":"sh","ix":1,"ks":{"a":0,"k":{"i":[[0,0],[0,-3.257],[83.68,0],[0,16.713],[-10.668,4.143]],"o":[[4.766,2.939],[0,16.713],[-83.68,0],[0,-4.979],[0,0]],"v":[[144.176,-17.553],[151.516,-8.221],[0,22.042],[-151.516,-8.221],[-134.827,-22.043]],"c":false},"ix":2},"nm":"Trazado 1","mn":"ADBE Vector Shape - Group","hd":false},{"ty":"st","c":{"a":0,"k":[0,0,0,1],"ix":3},"o":{"a":0,"k":100,"ix":4},"w":{"a":0,"k":2,"ix":5},"lc":2,"lj":1,"ml":10,"bm":0,"nm":"Trazo 1","mn":"ADBE Vector Graphic - Stroke","hd":false},{"ty":"tr","p":{"a":0,"k":[195.033,418.651],"ix":2},"a":{"a":0,"k":[0,0],"ix":1},"s":{"a":0,"k":[100,100],"ix":3},"r":{"a":0,"k":0,"ix":6},"o":{"a":0,"k":100,"ix":7},"sk":{"a":0,"k":0,"ix":4},"sa":{"a":0,"k":0,"ix":5},"nm":"Transformar"}],"nm":"Grupo 1","np":2,"cix":2,"bm":0,"ix":1,"mn":"ADBE Vector Group","hd":false}],"ip":0,"op":900,"st":0,"cp":true,"bm":0}],"markers":[],"mb":{"sa":180,"sp":-90,"spf":16,"asl":128}}